"","OrganismCode","Taxname","Lifestage","Level","Phylum","Class","Order","Family","Genus","Species"
"1",4050,"Ostracoda","Adult","Class","Arthropoda","Ostracoda",NA,NA,NA,NA
"2",4040,"Ostracoda","Adult","Class","Arthropoda","Ostracoda",NA,NA,NA,NA
"3",4005,"Ostracoda","Adult","Class","Arthropoda","Ostracoda",NA,NA,NA,NA
"4",4010,"Ostracoda","Adult","Class","Arthropoda","Ostracoda",NA,NA,NA,NA
"5",4020,"Ostracoda","Adult","Class","Arthropoda","Ostracoda",NA,NA,NA,NA
"6",4030,"Ostracoda","Adult","Class","Arthropoda","Ostracoda",NA,NA,NA,NA
"7",4090,"Ostracoda","Adult","Class","Arthropoda","Ostracoda",NA,NA,NA,NA
"8",4070,"Ostracoda","Adult","Class","Arthropoda","Ostracoda",NA,NA,NA,NA
"9",4270,"Ostracoda","Adult","Class","Arthropoda","Ostracoda",NA,NA,NA,NA
"10",6480,"Arachnida","Adult","Class","Arthropoda","Arachnida",NA,NA,NA,NA
"11",6501,"Gastropoda","Adult","Class","Mollusca","Gastropoda",NA,NA,NA,NA
"12",6500,"Gastropoda","Adult","Class","Mollusca","Gastropoda",NA,NA,NA,NA
"13",6502,"Gastropoda","Adult","Class","Mollusca","Gastropoda",NA,NA,NA,NA
"14",6590,"Gastropoda","Adult","Class","Mollusca","Gastropoda",NA,NA,NA,NA
"15",6525,"Gastropoda","Adult","Class","Mollusca","Gastropoda",NA,NA,NA,NA
"16",6526,"Gastropoda","Adult","Class","Mollusca","Gastropoda",NA,NA,NA,NA
"17",6528,"Gastropoda","Adult","Class","Mollusca","Gastropoda",NA,NA,NA,NA
"18",6570,"Gastropoda","Adult","Class","Mollusca","Gastropoda",NA,NA,NA,NA
"19",6560,"Gastropoda","Adult","Class","Mollusca","Gastropoda",NA,NA,NA,NA
"20",6530,"Gastropoda","Adult","Class","Mollusca","Gastropoda",NA,NA,NA,NA
"21",6565,"Gastropoda","Adult","Class","Mollusca","Gastropoda",NA,NA,NA,NA
"22",6498,"Gastropoda","Adult","Class","Mollusca","Gastropoda",NA,NA,NA,NA
"23",6610,"Gastropoda","Adult","Class","Mollusca","Gastropoda",NA,NA,NA,NA
"24",6660,"Gastropoda","Adult","Class","Mollusca","Gastropoda",NA,NA,NA,NA
"25",6620,"Gastropoda","Adult","Class","Mollusca","Gastropoda",NA,NA,NA,NA
"26",6490,"Gastropoda","Adult","Class","Mollusca","Gastropoda",NA,NA,NA,NA
"27",6630,"Gastropoda","Adult","Class","Mollusca","Gastropoda",NA,NA,NA,NA
"28",6491,"Gastropoda","Adult","Class","Mollusca","Gastropoda",NA,NA,NA,NA
"29",6495,"Gastropoda","Adult","Class","Mollusca","Gastropoda",NA,NA,NA,NA
"30",6496,"Gastropoda","Adult","Class","Mollusca","Gastropoda",NA,NA,NA,NA
"31",6497,"Gastropoda","Adult","Class","Mollusca","Gastropoda",NA,NA,NA,NA
"32",6640,"Gastropoda","Adult","Class","Mollusca","Gastropoda",NA,NA,NA,NA
"33",6505,"Gastropoda","Adult","Class","Mollusca","Gastropoda",NA,NA,NA,NA
"34",6520,"Gastropoda","Adult","Class","Mollusca","Gastropoda",NA,NA,NA,NA
"35",6515,"Gastropoda","Adult","Class","Mollusca","Gastropoda",NA,NA,NA,NA
"36",6510,"Gastropoda","Adult","Class","Mollusca","Gastropoda",NA,NA,NA,NA
"37",6650,"Gastropoda","Adult","Class","Mollusca","Gastropoda",NA,NA,NA,NA
"38",2970,"Hirudinea","Undifferentiated","Class","Annelida","Hirudinea",NA,NA,NA,NA
"39",2980,"Hirudinea","Undifferentiated","Class","Annelida","Hirudinea",NA,NA,NA,NA
"40",2910,"Hirudinea","Undifferentiated","Class","Annelida","Hirudinea",NA,NA,NA,NA
"41",2930,"Hirudinea","Undifferentiated","Class","Annelida","Hirudinea",NA,NA,NA,NA
"42",2950,"Hirudinea","Undifferentiated","Class","Annelida","Hirudinea",NA,NA,NA,NA
"43",2890,"Oligochaeta","Undifferentiated","Class","Annelida","Oligochaeta",NA,NA,NA,NA
"44",2805,"Oligochaeta","Undifferentiated","Class","Annelida","Oligochaeta",NA,NA,NA,NA
"45",2840,"Oligochaeta","Undifferentiated","Class","Annelida","Oligochaeta",NA,NA,NA,NA
"46",2850,"Oligochaeta","Undifferentiated","Class","Annelida","Oligochaeta",NA,NA,NA,NA
"47",2870,"Oligochaeta","Undifferentiated","Class","Annelida","Oligochaeta",NA,NA,NA,NA
"48",2871,"Oligochaeta","Undifferentiated","Class","Annelida","Oligochaeta",NA,NA,NA,NA
"49",2770,"Oligochaeta","Undifferentiated","Class","Annelida","Oligochaeta",NA,NA,NA,NA
"50",2790,"Oligochaeta","Undifferentiated","Class","Annelida","Oligochaeta",NA,NA,NA,NA
"51",2800,"Oligochaeta","Undifferentiated","Class","Annelida","Oligochaeta",NA,NA,NA,NA
"52",2830,"Oligochaeta","Undifferentiated","Class","Annelida","Oligochaeta",NA,NA,NA,NA
"53",2005,"Oligochaeta","Undifferentiated","Class","Annelida","Oligochaeta",NA,NA,NA,NA
"54",2410,"Oligochaeta","Undifferentiated","Class","Annelida","Oligochaeta",NA,NA,NA,NA
"55",2430,"Oligochaeta","Undifferentiated","Class","Annelida","Oligochaeta",NA,NA,NA,NA
"56",2450,"Oligochaeta","Undifferentiated","Class","Annelida","Oligochaeta",NA,NA,NA,NA
"57",2470,"Oligochaeta","Undifferentiated","Class","Annelida","Oligochaeta",NA,NA,NA,NA
"58",2490,"Oligochaeta","Undifferentiated","Class","Annelida","Oligochaeta",NA,NA,NA,NA
"59",2010,"Oligochaeta","Undifferentiated","Class","Annelida","Oligochaeta",NA,NA,NA,NA
"60",2011,"Oligochaeta","Undifferentiated","Class","Annelida","Oligochaeta",NA,NA,NA,NA
"61",2030,"Oligochaeta","Undifferentiated","Class","Annelida","Oligochaeta",NA,NA,NA,NA
"62",2050,"Oligochaeta","Undifferentiated","Class","Annelida","Oligochaeta",NA,NA,NA,NA
"63",2070,"Oligochaeta","Undifferentiated","Class","Annelida","Oligochaeta",NA,NA,NA,NA
"64",2075,"Oligochaeta","Undifferentiated","Class","Annelida","Oligochaeta",NA,NA,NA,NA
"65",2080,"Oligochaeta","Undifferentiated","Class","Annelida","Oligochaeta",NA,NA,NA,NA
"66",2090,"Oligochaeta","Undifferentiated","Class","Annelida","Oligochaeta",NA,NA,NA,NA
"67",2095,"Oligochaeta","Undifferentiated","Class","Annelida","Oligochaeta",NA,NA,NA,NA
"68",2650,"Oligochaeta","Undifferentiated","Class","Annelida","Oligochaeta",NA,NA,NA,NA
"69",2100,"Oligochaeta","Undifferentiated","Class","Annelida","Oligochaeta",NA,NA,NA,NA
"70",2510,"Oligochaeta","Undifferentiated","Class","Annelida","Oligochaeta",NA,NA,NA,NA
"71",2530,"Oligochaeta","Undifferentiated","Class","Annelida","Oligochaeta",NA,NA,NA,NA
"72",2540,"Oligochaeta","Undifferentiated","Class","Annelida","Oligochaeta",NA,NA,NA,NA
"73",2550,"Oligochaeta","Undifferentiated","Class","Annelida","Oligochaeta",NA,NA,NA,NA
"74",2570,"Oligochaeta","Undifferentiated","Class","Annelida","Oligochaeta",NA,NA,NA,NA
"75",2580,"Oligochaeta","Undifferentiated","Class","Annelida","Oligochaeta",NA,NA,NA,NA
"76",2581,"Oligochaeta","Undifferentiated","Class","Annelida","Oligochaeta",NA,NA,NA,NA
"77",2104,"Oligochaeta","Undifferentiated","Class","Annelida","Oligochaeta",NA,NA,NA,NA
"78",2105,"Oligochaeta","Undifferentiated","Class","Annelida","Oligochaeta",NA,NA,NA,NA
"79",2110,"Oligochaeta","Undifferentiated","Class","Annelida","Oligochaeta",NA,NA,NA,NA
"80",2120,"Oligochaeta","Undifferentiated","Class","Annelida","Oligochaeta",NA,NA,NA,NA
"81",2130,"Oligochaeta","Undifferentiated","Class","Annelida","Oligochaeta",NA,NA,NA,NA
"82",2150,"Oligochaeta","Undifferentiated","Class","Annelida","Oligochaeta",NA,NA,NA,NA
"83",2170,"Oligochaeta","Undifferentiated","Class","Annelida","Oligochaeta",NA,NA,NA,NA
"84",2190,"Oligochaeta","Undifferentiated","Class","Annelida","Oligochaeta",NA,NA,NA,NA
"85",2210,"Oligochaeta","Undifferentiated","Class","Annelida","Oligochaeta",NA,NA,NA,NA
"86",2590,"Oligochaeta","Undifferentiated","Class","Annelida","Oligochaeta",NA,NA,NA,NA
"87",2600,"Oligochaeta","Undifferentiated","Class","Annelida","Oligochaeta",NA,NA,NA,NA
"88",2230,"Oligochaeta","Undifferentiated","Class","Annelida","Oligochaeta",NA,NA,NA,NA
"89",2250,"Oligochaeta","Undifferentiated","Class","Annelida","Oligochaeta",NA,NA,NA,NA
"90",2251,"Oligochaeta","Undifferentiated","Class","Annelida","Oligochaeta",NA,NA,NA,NA
"91",2260,"Oligochaeta","Undifferentiated","Class","Annelida","Oligochaeta",NA,NA,NA,NA
"92",2610,"Oligochaeta","Undifferentiated","Class","Annelida","Oligochaeta",NA,NA,NA,NA
"93",2630,"Oligochaeta","Undifferentiated","Class","Annelida","Oligochaeta",NA,NA,NA,NA
"94",2265,"Oligochaeta","Undifferentiated","Class","Annelida","Oligochaeta",NA,NA,NA,NA
"95",2270,"Oligochaeta","Undifferentiated","Class","Annelida","Oligochaeta",NA,NA,NA,NA
"96",2280,"Oligochaeta","Undifferentiated","Class","Annelida","Oligochaeta",NA,NA,NA,NA
"97",2285,"Oligochaeta","Undifferentiated","Class","Annelida","Oligochaeta",NA,NA,NA,NA
"98",2290,"Oligochaeta","Undifferentiated","Class","Annelida","Oligochaeta",NA,NA,NA,NA
"99",2655,"Oligochaeta","Undifferentiated","Class","Annelida","Oligochaeta",NA,NA,NA,NA
"100",2660,"Oligochaeta","Undifferentiated","Class","Annelida","Oligochaeta",NA,NA,NA,NA
"101",2670,"Oligochaeta","Undifferentiated","Class","Annelida","Oligochaeta",NA,NA,NA,NA
"102",2690,"Oligochaeta","Undifferentiated","Class","Annelida","Oligochaeta",NA,NA,NA,NA
"103",2710,"Oligochaeta","Undifferentiated","Class","Annelida","Oligochaeta",NA,NA,NA,NA
"104",2720,"Oligochaeta","Undifferentiated","Class","Annelida","Oligochaeta",NA,NA,NA,NA
"105",2725,"Oligochaeta","Undifferentiated","Class","Annelida","Oligochaeta",NA,NA,NA,NA
"106",2727,"Oligochaeta","Undifferentiated","Class","Annelida","Oligochaeta",NA,NA,NA,NA
"107",2300,"Oligochaeta","Undifferentiated","Class","Annelida","Oligochaeta",NA,NA,NA,NA
"108",2652,"Oligochaeta","Undifferentiated","Class","Annelida","Oligochaeta",NA,NA,NA,NA
"109",2730,"Oligochaeta","Undifferentiated","Class","Annelida","Oligochaeta",NA,NA,NA,NA
"110",2310,"Oligochaeta","Undifferentiated","Class","Annelida","Oligochaeta",NA,NA,NA,NA
"111",2330,"Oligochaeta","Undifferentiated","Class","Annelida","Oligochaeta",NA,NA,NA,NA
"112",2820,"Oligochaeta","Undifferentiated","Class","Annelida","Oligochaeta",NA,NA,NA,NA
"113",2810,"Oligochaeta","Undifferentiated","Class","Annelida","Oligochaeta",NA,NA,NA,NA
"114",3180,"Polychaeta","Undifferentiated","Class","Annelida","Polychaeta",NA,NA,NA,NA
"115",3170,"Polychaeta","Undifferentiated","Class","Annelida","Polychaeta",NA,NA,NA,NA
"116",3185,"Polychaeta","Undifferentiated","Class","Annelida","Polychaeta",NA,NA,NA,NA
"117",3190,"Polychaeta","Undifferentiated","Class","Annelida","Polychaeta",NA,NA,NA,NA
"118",3195,"Polychaeta","Undifferentiated","Class","Annelida","Polychaeta",NA,NA,NA,NA
"119",3005,"Polychaeta","Undifferentiated","Class","Annelida","Polychaeta",NA,NA,NA,NA
"120",3008,"Polychaeta","Undifferentiated","Class","Annelida","Polychaeta",NA,NA,NA,NA
"121",3010,"Polychaeta","Undifferentiated","Class","Annelida","Polychaeta",NA,NA,NA,NA
"122",3200,"Polychaeta","Undifferentiated","Class","Annelida","Polychaeta",NA,NA,NA,NA
"123",3030,"Polychaeta","Undifferentiated","Class","Annelida","Polychaeta",NA,NA,NA,NA
"124",3320,"Polychaeta","Undifferentiated","Class","Annelida","Polychaeta",NA,NA,NA,NA
"125",3245,"Polychaeta","Undifferentiated","Class","Annelida","Polychaeta",NA,NA,NA,NA
"126",3391,"Polychaeta","Undifferentiated","Class","Annelida","Polychaeta",NA,NA,NA,NA
"127",3390,"Polychaeta","Undifferentiated","Class","Annelida","Polychaeta",NA,NA,NA,NA
"128",3230,"Polychaeta","Undifferentiated","Class","Annelida","Polychaeta",NA,NA,NA,NA
"129",3210,"Polychaeta","Undifferentiated","Class","Annelida","Polychaeta",NA,NA,NA,NA
"130",3340,"Polychaeta","Undifferentiated","Class","Annelida","Polychaeta",NA,NA,NA,NA
"131",3370,"Polychaeta","Undifferentiated","Class","Annelida","Polychaeta",NA,NA,NA,NA
"132",3330,"Polychaeta","Undifferentiated","Class","Annelida","Polychaeta",NA,NA,NA,NA
"133",3375,"Polychaeta","Undifferentiated","Class","Annelida","Polychaeta",NA,NA,NA,NA
"134",3380,"Polychaeta","Undifferentiated","Class","Annelida","Polychaeta",NA,NA,NA,NA
"135",3305,"Polychaeta","Undifferentiated","Class","Annelida","Polychaeta",NA,NA,NA,NA
"136",3250,"Polychaeta","Undifferentiated","Class","Annelida","Polychaeta",NA,NA,NA,NA
"137",3270,"Polychaeta","Undifferentiated","Class","Annelida","Polychaeta",NA,NA,NA,NA
"138",3240,"Polychaeta","Undifferentiated","Class","Annelida","Polychaeta",NA,NA,NA,NA
"139",3310,"Polychaeta","Undifferentiated","Class","Annelida","Polychaeta",NA,NA,NA,NA
"140",3311,"Polychaeta","Undifferentiated","Class","Annelida","Polychaeta",NA,NA,NA,NA
"141",3280,"Polychaeta","Undifferentiated","Class","Annelida","Polychaeta",NA,NA,NA,NA
"142",3300,"Polychaeta","Undifferentiated","Class","Annelida","Polychaeta",NA,NA,NA,NA
"143",3290,"Polychaeta","Undifferentiated","Class","Annelida","Polychaeta",NA,NA,NA,NA
"144",3301,"Polychaeta","Undifferentiated","Class","Annelida","Polychaeta",NA,NA,NA,NA
"145",3410,"Polychaeta","Undifferentiated","Class","Annelida","Polychaeta",NA,NA,NA,NA
"146",3450,"Polychaeta","Undifferentiated","Class","Annelida","Polychaeta",NA,NA,NA,NA
"147",3430,"Polychaeta","Undifferentiated","Class","Annelida","Polychaeta",NA,NA,NA,NA
"148",3460,"Polychaeta","Undifferentiated","Class","Annelida","Polychaeta",NA,NA,NA,NA
"149",3139,"Polychaeta","Undifferentiated","Class","Annelida","Polychaeta",NA,NA,NA,NA
"150",3138,"Polychaeta","Undifferentiated","Class","Annelida","Polychaeta",NA,NA,NA,NA
"151",3150,"Polychaeta","Undifferentiated","Class","Annelida","Polychaeta",NA,NA,NA,NA
"152",3160,"Polychaeta","Undifferentiated","Class","Annelida","Polychaeta",NA,NA,NA,NA
"153",3140,"Polychaeta","Undifferentiated","Class","Annelida","Polychaeta",NA,NA,NA,NA
"154",3135,"Polychaeta","Undifferentiated","Class","Annelida","Polychaeta",NA,NA,NA,NA
"155",3097,"Polychaeta","Undifferentiated","Class","Annelida","Polychaeta",NA,NA,NA,NA
"156",3098,"Polychaeta","Undifferentiated","Class","Annelida","Polychaeta",NA,NA,NA,NA
"157",3050,"Polychaeta","Undifferentiated","Class","Annelida","Polychaeta",NA,NA,NA,NA
"158",3051,"Polychaeta","Undifferentiated","Class","Annelida","Polychaeta",NA,NA,NA,NA
"159",3060,"Polychaeta","Undifferentiated","Class","Annelida","Polychaeta",NA,NA,NA,NA
"160",3061,"Polychaeta","Undifferentiated","Class","Annelida","Polychaeta",NA,NA,NA,NA
"161",3080,"Polychaeta","Undifferentiated","Class","Annelida","Polychaeta",NA,NA,NA,NA
"162",3130,"Polychaeta","Undifferentiated","Class","Annelida","Polychaeta",NA,NA,NA,NA
"163",3070,"Polychaeta","Undifferentiated","Class","Annelida","Polychaeta",NA,NA,NA,NA
"164",3065,"Polychaeta","Undifferentiated","Class","Annelida","Polychaeta",NA,NA,NA,NA
"165",3090,"Polychaeta","Undifferentiated","Class","Annelida","Polychaeta",NA,NA,NA,NA
"166",3091,"Polychaeta","Undifferentiated","Class","Annelida","Polychaeta",NA,NA,NA,NA
"167",3100,"Polychaeta","Undifferentiated","Class","Annelida","Polychaeta",NA,NA,NA,NA
"168",3095,"Polychaeta","Undifferentiated","Class","Annelida","Polychaeta",NA,NA,NA,NA
"169",3096,"Polychaeta","Undifferentiated","Class","Annelida","Polychaeta",NA,NA,NA,NA
"170",3105,"Polychaeta","Undifferentiated","Class","Annelida","Polychaeta",NA,NA,NA,NA
"171",3110,"Polychaeta","Undifferentiated","Class","Annelida","Polychaeta",NA,NA,NA,NA
"172",3395,"Polychaeta","Undifferentiated","Class","Annelida","Polychaeta",NA,NA,NA,NA
"173",3394,"Polychaeta","Undifferentiated","Class","Annelida","Polychaeta",NA,NA,NA,NA
"174",3400,"Polychaeta","Undifferentiated","Class","Annelida","Polychaeta",NA,NA,NA,NA
"175",6869,"Bivalvia","Undifferentiated","Class","Mollusca","Bivalvia",NA,NA,NA,NA
"176",6870,"Bivalvia","Undifferentiated","Class","Mollusca","Bivalvia",NA,NA,NA,NA
"177",6895,"Bivalvia","Undifferentiated","Class","Mollusca","Bivalvia",NA,NA,NA,NA
"178",6678,"Bivalvia","Undifferentiated","Class","Mollusca","Bivalvia",NA,NA,NA,NA
"179",6679,"Bivalvia","Undifferentiated","Class","Mollusca","Bivalvia",NA,NA,NA,NA
"180",6680,"Bivalvia","Undifferentiated","Class","Mollusca","Bivalvia",NA,NA,NA,NA
"181",6690,"Bivalvia","Undifferentiated","Class","Mollusca","Bivalvia",NA,NA,NA,NA
"182",6710,"Bivalvia","Undifferentiated","Class","Mollusca","Bivalvia",NA,NA,NA,NA
"183",6670,"Bivalvia","Undifferentiated","Class","Mollusca","Bivalvia",NA,NA,NA,NA
"184",6915,"Bivalvia","Undifferentiated","Class","Mollusca","Bivalvia",NA,NA,NA,NA
"185",6920,"Bivalvia","Undifferentiated","Class","Mollusca","Bivalvia",NA,NA,NA,NA
"186",6715,"Bivalvia","Undifferentiated","Class","Mollusca","Bivalvia",NA,NA,NA,NA
"187",6910,"Bivalvia","Undifferentiated","Class","Mollusca","Bivalvia",NA,NA,NA,NA
"188",6779,"Bivalvia","Undifferentiated","Class","Mollusca","Bivalvia",NA,NA,NA,NA
"189",6778,"Bivalvia","Undifferentiated","Class","Mollusca","Bivalvia",NA,NA,NA,NA
"190",6860,"Bivalvia","Undifferentiated","Class","Mollusca","Bivalvia",NA,NA,NA,NA
"191",6780,"Bivalvia","Undifferentiated","Class","Mollusca","Bivalvia",NA,NA,NA,NA
"192",6782,"Bivalvia","Undifferentiated","Class","Mollusca","Bivalvia",NA,NA,NA,NA
"193",6750,"Bivalvia","Undifferentiated","Class","Mollusca","Bivalvia",NA,NA,NA,NA
"194",6770,"Bivalvia","Undifferentiated","Class","Mollusca","Bivalvia",NA,NA,NA,NA
"195",6740,"Bivalvia","Undifferentiated","Class","Mollusca","Bivalvia",NA,NA,NA,NA
"196",6810,"Bivalvia","Undifferentiated","Class","Mollusca","Bivalvia",NA,NA,NA,NA
"197",6809,"Bivalvia","Undifferentiated","Class","Mollusca","Bivalvia",NA,NA,NA,NA
"198",6825,"Bivalvia","Undifferentiated","Class","Mollusca","Bivalvia",NA,NA,NA,NA
"199",6820,"Bivalvia","Undifferentiated","Class","Mollusca","Bivalvia",NA,NA,NA,NA
"200",6850,"Bivalvia","Undifferentiated","Class","Mollusca","Bivalvia",NA,NA,NA,NA
"201",6830,"Bivalvia","Undifferentiated","Class","Mollusca","Bivalvia",NA,NA,NA,NA
"202",4330,"Asellidae","Adult","Family","Arthropoda","Malacostraca","Isopoda","Asellidae",NA,NA
"203",4335,"Asellidae","Adult","Family","Arthropoda","Malacostraca","Isopoda","Asellidae",NA,NA
"204",4409,"Munnidae","Adult","Family","Arthropoda","Malacostraca","Isopoda","Munnidae",NA,NA
"205",4410,"Munnidae","Adult","Family","Arthropoda","Malacostraca","Isopoda","Munnidae",NA,NA
"206",5160,"Belostomatidae","Adult","Family","Arthropoda","Insecta","Hemiptera","Belostomatidae",NA,NA
"207",5315,"Elmidae","Larva","Family","Arthropoda","Insecta","Coleoptera","Elmidae",NA,NA
"208",5320,"Elmidae","Larva","Family","Arthropoda","Insecta","Coleoptera","Elmidae",NA,NA
"209",5325,"Ptilodactylidae","Adult","Family","Arthropoda","Insecta","Coleoptera","Ptilodactylidae",NA,NA
"210",6000,"Ceratopogonidae","Larva","Family","Arthropoda","Insecta","Diptera","Ceratopogonidae",NA,NA
"211",6004,"Ceratopogonidae","Larva","Family","Arthropoda","Insecta","Diptera","Ceratopogonidae",NA,NA
"212",6005,"Ceratopogonidae","Larva","Family","Arthropoda","Insecta","Diptera","Ceratopogonidae",NA,NA
"213",6010,"Ceratopogonidae","Larva","Family","Arthropoda","Insecta","Diptera","Ceratopogonidae",NA,NA
"214",6015,"Ceratopogonidae","Larva","Family","Arthropoda","Insecta","Diptera","Ceratopogonidae",NA,NA
"215",6020,"Ceratopogonidae","Larva","Family","Arthropoda","Insecta","Diptera","Ceratopogonidae",NA,NA
"216",6019,"Ceratopogonidae","Larva","Family","Arthropoda","Insecta","Diptera","Ceratopogonidae",NA,NA
"217",5450,"Chironomidae","Larva","Family","Arthropoda","Insecta","Diptera","Chironomidae",NA,NA
"218",5529,"Chironomidae","Larva","Family","Arthropoda","Insecta","Diptera","Chironomidae",NA,NA
"219",5873,"Chironomidae","Larva","Family","Arthropoda","Insecta","Diptera","Chironomidae",NA,NA
"220",5875,"Chironomidae","Larva","Family","Arthropoda","Insecta","Diptera","Chironomidae",NA,NA
"221",5530,"Chironomidae","Larva","Family","Arthropoda","Insecta","Diptera","Chironomidae",NA,NA
"222",5535,"Chironomidae","Larva","Family","Arthropoda","Insecta","Diptera","Chironomidae",NA,NA
"223",5540,"Chironomidae","Larva","Family","Arthropoda","Insecta","Diptera","Chironomidae",NA,NA
"224",5470,"Chironomidae","Larva","Family","Arthropoda","Insecta","Diptera","Chironomidae",NA,NA
"225",5455,"Chironomidae","Larva","Family","Arthropoda","Insecta","Diptera","Chironomidae",NA,NA
"226",5880,"Chironomidae","Larva","Family","Arthropoda","Insecta","Diptera","Chironomidae",NA,NA
"227",5890,"Chironomidae","Larva","Family","Arthropoda","Insecta","Diptera","Chironomidae",NA,NA
"228",5910,"Chironomidae","Larva","Family","Arthropoda","Insecta","Diptera","Chironomidae",NA,NA
"229",5911,"Chironomidae","Larva","Family","Arthropoda","Insecta","Diptera","Chironomidae",NA,NA
"230",5912,"Chironomidae","Larva","Family","Arthropoda","Insecta","Diptera","Chironomidae",NA,NA
"231",5913,"Chironomidae","Larva","Family","Arthropoda","Insecta","Diptera","Chironomidae",NA,NA
"232",5914,"Chironomidae","Larva","Family","Arthropoda","Insecta","Diptera","Chironomidae",NA,NA
"233",5550,"Chironomidae","Larva","Family","Arthropoda","Insecta","Diptera","Chironomidae",NA,NA
"234",5570,"Chironomidae","Larva","Family","Arthropoda","Insecta","Diptera","Chironomidae",NA,NA
"235",5571,"Chironomidae","Larva","Family","Arthropoda","Insecta","Diptera","Chironomidae",NA,NA
"236",5572,"Chironomidae","Larva","Family","Arthropoda","Insecta","Diptera","Chironomidae",NA,NA
"237",5575,"Chironomidae","Larva","Family","Arthropoda","Insecta","Diptera","Chironomidae",NA,NA
"238",5580,"Chironomidae","Larva","Family","Arthropoda","Insecta","Diptera","Chironomidae",NA,NA
"239",5590,"Chironomidae","Larva","Family","Arthropoda","Insecta","Diptera","Chironomidae",NA,NA
"240",5600,"Chironomidae","Larva","Family","Arthropoda","Insecta","Diptera","Chironomidae",NA,NA
"241",5601,"Chironomidae","Larva","Family","Arthropoda","Insecta","Diptera","Chironomidae",NA,NA
"242",5602,"Chironomidae","Larva","Family","Arthropoda","Insecta","Diptera","Chironomidae",NA,NA
"243",5620,"Chironomidae","Larva","Family","Arthropoda","Insecta","Diptera","Chironomidae",NA,NA
"244",5630,"Chironomidae","Larva","Family","Arthropoda","Insecta","Diptera","Chironomidae",NA,NA
"245",5631,"Chironomidae","Larva","Family","Arthropoda","Insecta","Diptera","Chironomidae",NA,NA
"246",5640,"Chironomidae","Larva","Family","Arthropoda","Insecta","Diptera","Chironomidae",NA,NA
"247",5930,"Chironomidae","Larva","Family","Arthropoda","Insecta","Diptera","Chironomidae",NA,NA
"248",5610,"Chironomidae","Larva","Family","Arthropoda","Insecta","Diptera","Chironomidae",NA,NA
"249",5935,"Chironomidae","Larva","Family","Arthropoda","Insecta","Diptera","Chironomidae",NA,NA
"250",5670,"Chironomidae","Larva","Family","Arthropoda","Insecta","Diptera","Chironomidae",NA,NA
"251",5940,"Chironomidae","Larva","Family","Arthropoda","Insecta","Diptera","Chironomidae",NA,NA
"252",5945,"Chironomidae","Larva","Family","Arthropoda","Insecta","Diptera","Chironomidae",NA,NA
"253",5675,"Chironomidae","Larva","Family","Arthropoda","Insecta","Diptera","Chironomidae",NA,NA
"254",5490,"Chironomidae","Larva","Family","Arthropoda","Insecta","Diptera","Chironomidae",NA,NA
"255",5680,"Chironomidae","Larva","Family","Arthropoda","Insecta","Diptera","Chironomidae",NA,NA
"256",5685,"Chironomidae","Larva","Family","Arthropoda","Insecta","Diptera","Chironomidae",NA,NA
"257",5870,"Chironomidae","Larva","Family","Arthropoda","Insecta","Diptera","Chironomidae",NA,NA
"258",5457,"Chironomidae","Larva","Family","Arthropoda","Insecta","Diptera","Chironomidae",NA,NA
"259",5950,"Chironomidae","Larva","Family","Arthropoda","Insecta","Diptera","Chironomidae",NA,NA
"260",5970,"Chironomidae","Larva","Family","Arthropoda","Insecta","Diptera","Chironomidae",NA,NA
"261",5971,"Chironomidae","Larva","Family","Arthropoda","Insecta","Diptera","Chironomidae",NA,NA
"262",5500,"Chironomidae","Larva","Family","Arthropoda","Insecta","Diptera","Chironomidae",NA,NA
"263",5980,"Chironomidae","Larva","Family","Arthropoda","Insecta","Diptera","Chironomidae",NA,NA
"264",5981,"Chironomidae","Larva","Family","Arthropoda","Insecta","Diptera","Chironomidae",NA,NA
"265",5691,"Chironomidae","Larva","Family","Arthropoda","Insecta","Diptera","Chironomidae",NA,NA
"266",5692,"Chironomidae","Larva","Family","Arthropoda","Insecta","Diptera","Chironomidae",NA,NA
"267",5710,"Chironomidae","Larva","Family","Arthropoda","Insecta","Diptera","Chironomidae",NA,NA
"268",5711,"Chironomidae","Larva","Family","Arthropoda","Insecta","Diptera","Chironomidae",NA,NA
"269",5712,"Chironomidae","Larva","Family","Arthropoda","Insecta","Diptera","Chironomidae",NA,NA
"270",5985,"Chironomidae","Larva","Family","Arthropoda","Insecta","Diptera","Chironomidae",NA,NA
"271",5730,"Chironomidae","Larva","Family","Arthropoda","Insecta","Diptera","Chironomidae",NA,NA
"272",5510,"Chironomidae","Larva","Family","Arthropoda","Insecta","Diptera","Chironomidae",NA,NA
"273",5511,"Chironomidae","Larva","Family","Arthropoda","Insecta","Diptera","Chironomidae",NA,NA
"274",5750,"Chironomidae","Larva","Family","Arthropoda","Insecta","Diptera","Chironomidae",NA,NA
"275",5458,"Chironomidae","Larva","Family","Arthropoda","Insecta","Diptera","Chironomidae",NA,NA
"276",5770,"Chironomidae","Larva","Family","Arthropoda","Insecta","Diptera","Chironomidae",NA,NA
"277",5790,"Chironomidae","Larva","Family","Arthropoda","Insecta","Diptera","Chironomidae",NA,NA
"278",5791,"Chironomidae","Larva","Family","Arthropoda","Insecta","Diptera","Chironomidae",NA,NA
"279",5792,"Chironomidae","Larva","Family","Arthropoda","Insecta","Diptera","Chironomidae",NA,NA
"280",5460,"Chironomidae","Larva","Family","Arthropoda","Insecta","Diptera","Chironomidae",NA,NA
"281",5410,"Chironomidae","Larva","Family","Arthropoda","Insecta","Diptera","Chironomidae",NA,NA
"282",5990,"Chironomidae","Larva","Family","Arthropoda","Insecta","Diptera","Chironomidae",NA,NA
"283",5995,"Chironomidae","Larva","Family","Arthropoda","Insecta","Diptera","Chironomidae",NA,NA
"284",5800,"Chironomidae","Larva","Family","Arthropoda","Insecta","Diptera","Chironomidae",NA,NA
"285",5989,"Chironomidae","Larva","Family","Arthropoda","Insecta","Diptera","Chironomidae",NA,NA
"286",5515,"Chironomidae","Larva","Family","Arthropoda","Insecta","Diptera","Chironomidae",NA,NA
"287",5810,"Chironomidae","Larva","Family","Arthropoda","Insecta","Diptera","Chironomidae",NA,NA
"288",5820,"Chironomidae","Larva","Family","Arthropoda","Insecta","Diptera","Chironomidae",NA,NA
"289",5518,"Chironomidae","Larva","Family","Arthropoda","Insecta","Diptera","Chironomidae",NA,NA
"290",5519,"Chironomidae","Larva","Family","Arthropoda","Insecta","Diptera","Chironomidae",NA,NA
"291",5830,"Chironomidae","Larva","Family","Arthropoda","Insecta","Diptera","Chironomidae",NA,NA
"292",5850,"Chironomidae","Larva","Family","Arthropoda","Insecta","Diptera","Chironomidae",NA,NA
"293",5851,"Chironomidae","Larva","Family","Arthropoda","Insecta","Diptera","Chironomidae",NA,NA
"294",5526,"Chironomidae","Larva","Family","Arthropoda","Insecta","Diptera","Chironomidae",NA,NA
"295",5855,"Chironomidae","Larva","Family","Arthropoda","Insecta","Diptera","Chironomidae",NA,NA
"296",5996,"Chironomidae","Larva","Family","Arthropoda","Insecta","Diptera","Chironomidae",NA,NA
"297",5430,"Chironomidae","Larva","Family","Arthropoda","Insecta","Diptera","Chironomidae",NA,NA
"298",5520,"Chironomidae","Larva","Family","Arthropoda","Insecta","Diptera","Chironomidae",NA,NA
"299",5525,"Chironomidae","Larva","Family","Arthropoda","Insecta","Diptera","Chironomidae",NA,NA
"300",5997,"Chironomidae","Larva","Family","Arthropoda","Insecta","Diptera","Chironomidae",NA,NA
"301",5527,"Chironomidae","Larva","Family","Arthropoda","Insecta","Diptera","Chironomidae",NA,NA
"302",5860,"Chironomidae","Larva","Family","Arthropoda","Insecta","Diptera","Chironomidae",NA,NA
"303",6023,"Empididae","Larva","Family","Arthropoda","Insecta","Diptera","Empididae",NA,NA
"304",6030,"Ephydridae","Larva","Family","Arthropoda","Insecta","Diptera","Ephydridae",NA,NA
"305",6035,"Ephydridae","Larva","Family","Arthropoda","Insecta","Diptera","Ephydridae",NA,NA
"306",6021,"Psychodidae","Larva","Family","Arthropoda","Insecta","Diptera","Psychodidae",NA,NA
"307",6025,"Tipulidae","Larva","Family","Arthropoda","Insecta","Diptera","Tipulidae",NA,NA
"308",6024,"Tipulidae","Larva","Family","Arthropoda","Insecta","Diptera","Tipulidae",NA,NA
"309",5010,"Baetidae","Larva","Family","Arthropoda","Insecta","Ephemeroptera","Baetidae",NA,NA
"310",5020,"Baetidae","Larva","Family","Arthropoda","Insecta","Ephemeroptera","Baetidae",NA,NA
"311",5025,"Baetidae","Larva","Family","Arthropoda","Insecta","Ephemeroptera","Baetidae",NA,NA
"312",5026,"Baetidae","Larva","Family","Arthropoda","Insecta","Ephemeroptera","Baetidae",NA,NA
"313",5070,"Ephemeridae","Undifferentiated","Family","Arthropoda","Insecta","Ephemeroptera","Ephemeridae",NA,NA
"314",5090,"Leptohyphidae","Larva","Family","Arthropoda","Insecta","Ephemeroptera","Leptohyphidae",NA,NA
"315",5190,"Corixidae","Adult","Family","Arthropoda","Insecta","Hemiptera","Corixidae",NA,NA
"316",5210,"Corixidae","Adult","Family","Arthropoda","Insecta","Hemiptera","Corixidae",NA,NA
"317",5170,"Naucoridae","Larva","Family","Arthropoda","Insecta","Hemiptera","Naucoridae",NA,NA
"318",5155,"Perlodidae","Larva","Family","Arthropoda","Insecta","Plecoptera","Perlodidae",NA,NA
"319",5230,"Hydropsychidae","Larva","Family","Arthropoda","Insecta","Trichoptera","Hydropsychidae",NA,NA
"320",5234,"Hydroptilidae","Larva","Family","Arthropoda","Insecta","Trichoptera","Hydroptilidae",NA,NA
"321",5235,"Hydroptilidae","Larva","Family","Arthropoda","Insecta","Trichoptera","Hydroptilidae",NA,NA
"322",5236,"Hydroptilidae","Larva","Family","Arthropoda","Insecta","Trichoptera","Hydroptilidae",NA,NA
"323",5240,"Leptoceridae","Larva","Family","Arthropoda","Insecta","Trichoptera","Leptoceridae",NA,NA
"324",5241,"Leptoceridae","Larva","Family","Arthropoda","Insecta","Trichoptera","Leptoceridae",NA,NA
"325",5242,"Leptoceridae","Larva","Family","Arthropoda","Insecta","Trichoptera","Leptoceridae",NA,NA
"326",5245,"Psychomyiidae","Undifferentiated","Family","Arthropoda","Insecta","Trichoptera","Psychomyiidae",NA,NA
"327",5300,"Dytiscidae","Larva","Family","Arthropoda","Insecta","Coleoptera","Dytiscidae",NA,NA
"328",5312,"Hydrophilidae","Larva","Family","Arthropoda","Insecta","Coleoptera","Hydrophilidae",NA,NA
"329",5313,"Hydrophilidae","Larva","Family","Arthropoda","Insecta","Coleoptera","Hydrophilidae",NA,NA
"330",5314,"Hydrophilidae","Larva","Family","Arthropoda","Insecta","Coleoptera","Hydrophilidae",NA,NA
"331",5305,"Noteridae","Larva",NA,NA,NA,NA,NA,NA,NA
"332",6028,"Stratiomyidae","Larva",NA,NA,NA,NA,NA,NA,NA
"333",5060,"Ephemerellidae","Larva","Family","Arthropoda","Insecta","Ephemeroptera","Ephemerellidae",NA,NA
"334",4770,"Melita","Adult","Genus","Arthropoda","Malacostraca","Amphipoda","Hadzioidea","Melita",NA
"335",1000,"Hydra","Adult","Genus","Cnidaria","Hydrozoa","Hydrida","Hydridae","Hydra",NA
"336",6295,"Hydrachnidia","Adult","Order","Arthropoda","Arachnida","Hydrachnidia",NA,NA,NA
"337",6228,"Hydrachnidia","Adult","Order","Arthropoda","Arachnida","Hydrachnidia",NA,NA,NA
"338",6227,"Hydrachnidia","Adult","Order","Arthropoda","Arachnida","Hydrachnidia",NA,NA,NA
"339",6229,"Hydrachnidia","Adult","Order","Arthropoda","Arachnida","Hydrachnidia",NA,NA,NA
"340",6230,"Hydrachnidia","Adult","Order","Arthropoda","Arachnida","Hydrachnidia",NA,NA,NA
"341",6250,"Hydrachnidia","Adult","Order","Arthropoda","Arachnida","Hydrachnidia",NA,NA,NA
"342",6265,"Hydrachnidia","Adult","Order","Arthropoda","Arachnida","Hydrachnidia",NA,NA,NA
"343",6260,"Hydrachnidia","Adult","Order","Arthropoda","Arachnida","Hydrachnidia",NA,NA,NA
"344",6270,"Hydrachnidia","Adult","Order","Arthropoda","Arachnida","Hydrachnidia",NA,NA,NA
"345",6290,"Hydrachnidia","Adult","Order","Arthropoda","Arachnida","Hydrachnidia",NA,NA,NA
"346",6293,"Arachnida","Undifferentiated",NA,NA,NA,NA,NA,NA,NA
"347",4520,"Ampelisca abdita","Adult","Species","Arthropoda","Malacostraca","Amphipoda","Ampeliscidae","Ampelisca","Ampelisca abdita"
"348",4524,"Ampithoe","Adult","Genus","Arthropoda","Malacostraca","Amphipoda","Ampithoidae","Ampithoe",NA
"349",4745,"Eogammarus","Adult","Genus","Arthropoda","Malacostraca","Amphipoda","Anisogammaridae","Eogammarus",NA
"350",4830,"Amphipoda","Adult","Order","Arthropoda","Malacostraca","Amphipoda",NA,NA,NA
"351",4835,"Amphipoda","Adult","Order","Arthropoda","Malacostraca","Amphipoda",NA,NA,NA
"352",4580,"Monocorophium","Adult","Genus","Arthropoda","Malacostraca","Amphipoda","Corophiidae","Monocorophium",NA
"353",4740,"Crangonyx","Adult","Genus","Arthropoda","Malacostraca","Amphipoda","Crangonycitidae","Crangonyx",NA
"354",4505,"Amphipoda","Adult","Order","Arthropoda","Malacostraca","Amphipoda",NA,NA,NA
"355",4810,"Hyalella","Adult","Genus","Arthropoda","Malacostraca","Amphipoda","Hyalellidae","Hyalella",NA
"356",4230,"Cumacea","Undifferentiated","Order","Arthropoda","Malacostraca","Cumacea",NA,NA,NA
"357",4210,"Cumacea","Undifferentiated","Order","Arthropoda","Malacostraca","Cumacea",NA,NA,NA
"358",4910,"Pacifastacus","Adult","Genus","Arthropoda","Malacostraca","Decapoda","Astacidae","Pacifastacus",NA
"359",4925,"Decapoda","Undifferentiated","Order","Arthropoda","Malacostraca","Decapoda",NA,NA,NA
"360",4945,"Decapoda","Undifferentiated","Order","Arthropoda","Malacostraca","Decapoda",NA,NA,NA
"361",4943,"Decapoda","Undifferentiated","Order","Arthropoda","Malacostraca","Decapoda",NA,NA,NA
"362",4944,"Decapoda","Undifferentiated","Order","Arthropoda","Malacostraca","Decapoda",NA,NA,NA
"363",4947,"Decapoda","Undifferentiated","Order","Arthropoda","Malacostraca","Decapoda",NA,NA,NA
"364",4941,"Decapoda","Undifferentiated","Order","Arthropoda","Malacostraca","Decapoda",NA,NA,NA
"365",4942,"Decapoda","Undifferentiated","Order","Arthropoda","Malacostraca","Decapoda",NA,NA,NA
"366",4890,"Crangon","Adult","Genus","Arthropoda","Malacostraca","Decapoda","Crangonidae","Crangon",NA
"367",4892,"Crangon","Adult","Genus","Arthropoda","Malacostraca","Decapoda","Crangonidae","Crangon",NA
"368",4880,"Decapoda","Undifferentiated","Order","Arthropoda","Malacostraca","Decapoda",NA,NA,NA
"369",4990,"Decapoda","Undifferentiated","Order","Arthropoda","Malacostraca","Decapoda",NA,NA,NA
"370",4935,"Decapoda","Undifferentiated","Order","Arthropoda","Malacostraca","Decapoda",NA,NA,NA
"371",4949,"Decapoda","Undifferentiated","Order","Arthropoda","Malacostraca","Decapoda",NA,NA,NA
"372",4980,"Decapoda","Undifferentiated","Order","Arthropoda","Malacostraca","Decapoda",NA,NA,NA
"373",4981,"Decapoda","Undifferentiated","Order","Arthropoda","Malacostraca","Decapoda",NA,NA,NA
"374",4930,"Decapoda","Undifferentiated","Order","Arthropoda","Malacostraca","Decapoda",NA,NA,NA
"375",4940,"Decapoda","Undifferentiated","Order","Arthropoda","Malacostraca","Decapoda",NA,NA,NA
"376",4970,"Decapoda","Undifferentiated","Order","Arthropoda","Malacostraca","Decapoda",NA,NA,NA
"377",4350,"Isopoda","Undifferentiated","Order","Arthropoda","Malacostraca","Isopoda",NA,NA,NA
"378",4370,"Isopoda","Undifferentiated","Order","Arthropoda","Malacostraca","Isopoda",NA,NA,NA
"379",4111,"Mysidae","Undifferentiated","Family","Arthropoda","Malacostraca","Mysida","Mysidae",NA,NA
"380",5330,"Diptera","Larva","Order","Arthropoda","Insecta","Diptera",NA,NA,NA
"381",6026,"Diptera","Larva","Order","Arthropoda","Insecta","Diptera",NA,NA,NA
"382",6040,"Diptera","Larva","Order","Arthropoda","Insecta","Diptera",NA,NA,NA
"383",6022,"Diptera","Larva","Order","Arthropoda","Insecta","Diptera",NA,NA,NA
"384",5110,"Diptera","Larva","Order","Arthropoda","Insecta","Diptera",NA,NA,NA
"385",5111,"Diptera","Larva","Order","Arthropoda","Insecta","Diptera",NA,NA,NA
"386",5030,"Heptageniidae","Larva","Family","Arthropoda","Insecta","Ephemoroptera","Heptageniidae",NA,NA
"387",5050,"Leptophlebiidae","Larva",NA,NA,NA,NA,NA,NA,NA
"388",5125,"Pseudironidae","Larva","Family","Arthropoda","Insecta","Ephemeroptera","Pseudironidae",NA,NA
"389",5225,"Sisyridae","Larva","Family","Arthropoda","Insecta","Neuroptera","Sisyridae",NA,NA
"390",5140,"Diptera","Larva","Order","Arthropoda","Insecta","Diptera",NA,NA,NA
"391",5130,"Gomphidae","Larva","Family","Arthropoda","Insecta","Odonata","Gomphidae",NA,NA
"392",5132,"Libellulidae","Larva","Family","Arthropoda","Insecta","Odonata","Libellulidae",NA,NA
"393",5226,"Brachycentridae","Larva",NA,NA,NA,NA,NA,NA,NA
"394",5311,"Gyrinidae","Larva","Family","Arthropoda","Insecta","Coleoptera","Gyrinidae",NA,NA
"395",5243,"Philopotamidae","Larva",NA,NA,NA,NA,NA,NA,NA
"396",6225,"Pycnogonida","Undifferentiated",NA,NA,NA,NA,NA,NA,NA
"397",6224,"Pycnogonida","Undifferentiated",NA,NA,NA,NA,NA,NA,NA
"398",6223,"Pycnogonida","Undifferentiated",NA,NA,NA,NA,NA,NA,NA
"399",6226,"Pycnogonida","Undifferentiated",NA,NA,NA,NA,NA,NA,NA
"400",7000,"Ascidacea","Undifferentiated",NA,NA,NA,NA,NA,NA,NA
"401",6999,"Ascidacea","Undifferentiated",NA,NA,NA,NA,NA,NA,NA
"402",1001,NA,"Undifferentiated",NA,NA,NA,NA,NA,NA,NA
"403",1005,NA,"Undifferentiated",NA,NA,NA,NA,NA,NA,NA
"404",8000,"Echinodermata","Undifferentiated",NA,NA,NA,NA,NA,NA,NA
"405",2000,"Nematomorpha","Undifferentiated",NA,NA,NA,NA,NA,NA,NA
"406",0,NA,"Undifferentiated",NA,NA,NA,NA,NA,NA,NA
"407",7501,"Phoronida","Undifferentiated",NA,NA,NA,NA,NA,NA,NA
"408",7500,"Phoronida","Undifferentiated",NA,NA,NA,NA,NA,NA,NA
"409",1010,"Turbellaria","Adult","Class","Platyhelminthes","Turbellaria",NA,NA,NA,NA
"410",1020,"Turbellaria","Adult","Class","Platyhelminthes","Turbellaria",NA,NA,NA,NA
"411",1030,"Turbellaria","Adult","Class","Platyhelminthes","Turbellaria",NA,NA,NA,NA
"412",1050,"Turbellaria","Adult","Class","Platyhelminthes","Turbellaria",NA,NA,NA,NA
"413",1080,"Turbellaria","Adult","Class","Platyhelminthes","Turbellaria",NA,NA,NA,NA
"414",1085,"Turbellaria","Adult","Class","Platyhelminthes","Turbellaria",NA,NA,NA,NA
"415",1086,"Turbellaria","Adult","Class","Platyhelminthes","Turbellaria",NA,NA,NA,NA
"416",1090,"Turbellaria","Adult","Class","Platyhelminthes","Turbellaria",NA,NA,NA,NA
"417",1091,"Turbellaria","Adult","Class","Platyhelminthes","Turbellaria",NA,NA,NA,NA
"418",1092,"Turbellaria","Adult","Class","Platyhelminthes","Turbellaria",NA,NA,NA,NA
"419",1093,"Turbellaria","Adult","Class","Platyhelminthes","Turbellaria",NA,NA,NA,NA
"420",1094,"Turbellaria","Adult","Class","Platyhelminthes","Turbellaria",NA,NA,NA,NA
"421",1095,"Turbellaria","Adult","Class","Platyhelminthes","Turbellaria",NA,NA,NA,NA
"422",4506,"Amphipoda","Adult","Order","Arthropoda","Malacostraca","Amphipoda",NA,NA,NA
"423",4529,"Amphipoda","Adult","Order","Arthropoda","Malacostraca","Amphipoda",NA,NA,NA
"424",4720,"Amphipoda","Adult","Order","Arthropoda","Malacostraca","Amphipoda",NA,NA,NA
"425",4710,"Amphipoda","Adult","Order","Arthropoda","Malacostraca","Amphipoda",NA,NA,NA
"426",4711,"Amphipoda","Adult","Order","Arthropoda","Malacostraca","Amphipoda",NA,NA,NA
"427",4730,"Amphipoda","Adult","Order","Arthropoda","Malacostraca","Amphipoda",NA,NA,NA
"428",4731,"Amphipoda","Adult","Order","Arthropoda","Malacostraca","Amphipoda",NA,NA,NA
"429",4540,"Amphipoda","Adult","Order","Arthropoda","Malacostraca","Amphipoda",NA,NA,NA
"430",4715,"Amphipoda","Adult","Order","Arthropoda","Malacostraca","Amphipoda",NA,NA,NA
"431",4716,"Amphipoda","Adult","Order","Arthropoda","Malacostraca","Amphipoda",NA,NA,NA
"432",4250,"Amphipoda","Adult","Order","Arthropoda","Malacostraca","Amphipoda",NA,NA,NA
"433",4229,"Amphipoda","Adult","Order","Arthropoda","Malacostraca","Amphipoda",NA,NA,NA
"434",3999,"Cyclopoida","Adult","Order","Arthropoda","Copepoda","Cyclopoida",NA,NA,NA
"435",4000,"Cyclopoida","Adult","Order","Arthropoda","Copepoda","Cyclopoida",NA,NA,NA
"436",4315,"Isopoda","Adult","Order","Arthropoda","Malacostraca","Isopoda",NA,NA,NA
"437",4320,"Isopoda","Adult","Order","Arthropoda","Malacostraca","Isopoda",NA,NA,NA
"438",4400,"Isopoda","Adult","Order","Arthropoda","Malacostraca","Isopoda",NA,NA,NA
"439",4309,"Isopoda","Adult","Order","Arthropoda","Malacostraca","Isopoda",NA,NA,NA
"440",4310,"Isopoda","Adult","Order","Arthropoda","Malacostraca","Isopoda",NA,NA,NA
"441",4390,"Isopoda","Adult","Order","Arthropoda","Malacostraca","Isopoda",NA,NA,NA
"442",4939,"Decapoda","Adult","Order","Arthropoda","Malacostraca","Decapoda",NA,NA,NA
"443",4337,"Isopoda","Adult","Order","Arthropoda","Malacostraca","Isopoda",NA,NA,NA
"444",4150,"Tanaidacea","Undifferentiated","Order","Arthropoda","Malacostraca","Tanaidacea",NA,NA,NA
"445",1210,"Nematoda","Adult","Phylum","Nematoda",NA,NA,NA,NA,NA
"446",1230,"Nematoda","Adult","Phylum","Nematoda",NA,NA,NA,NA,NA
"447",1290,"Nematoda","Adult","Phylum","Nematoda",NA,NA,NA,NA,NA
"448",1220,"Nematoda","Adult","Phylum","Nematoda",NA,NA,NA,NA,NA
"449",1200,"Nematoda","Adult","Phylum","Nematoda",NA,NA,NA,NA,NA
"450",1110,"Nemertea","Undifferentiated","Phylum","Nemertea",NA,NA,NA,NA,NA
"451",1130,"Nemertea","Undifferentiated","Phylum","Nemertea",NA,NA,NA,NA,NA
"452",1150,"Nemertea","Undifferentiated","Phylum","Nemertea",NA,NA,NA,NA,NA
"453",1151,"Nemertea","Undifferentiated","Phylum","Nemertea",NA,NA,NA,NA,NA
"454",4510,"Ampelisca abdita","Adult","Species","Arthropoda","Malacostraca","Amphipoda","Ampeliscidae","Ampelisca","Ampelisca abdita"
"455",4525,"Ampithoe valida","Adult","Species","Arthropoda","Malacostraca","Amphipoda","Ampithoidae","Ampithoe","Ampithoe valida"
"456",4670,"Grandidierella japonica","Adult","Species","Arthropoda","Malacostraca","Amphipoda","Aoridae","Grandidierella","Grandidierella japonica"
"457",4610,"Americorophium spinicorne","Adult","Species","Arthropoda","Malacostraca","Amphipoda","Corophiidae","Americorophium","Americorophium spinicorne"
"458",4630,"Americorophium stimpsoni","Adult","Species","Arthropoda","Malacostraca","Amphipoda","Corophiidae","Americorophium","Americorophium stimpsoni"
"459",4530,"Monocorophium acherusicum","Adult","Species","Arthropoda","Malacostraca","Amphipoda","Corophiidae","Monocorophium","Monocorophium acherusicum"
"460",4570,"Monocorophium insidiosum","Adult","Species","Arthropoda","Malacostraca","Amphipoda","Corophiidae","Monocorophium","Monocorophium insidiosum"
"461",4550,"Sinocorophium alienense","Adult","Species","Arthropoda","Malacostraca","Amphipoda","Corophiidae","Sinocorophium","Sinocorophium alienense"
"462",4560,"Sinocorophium heteroceratum","Adult","Species","Arthropoda","Malacostraca","Amphipoda","Corophiidae","Sinocorophium","Sinocorophium heteroceratum"
"463",4750,"Gammarus daiberi","Adult","Species","Arthropoda","Malacostraca","Amphipoda","Gammaridae","Gammarus","Gammarus daiberi"
"464",4860,"Exopalaemon modestus","Adult","Species","Arthropoda","Malacostraca","Decapoda","Palaemonidae","Exopalaemon","Exopalaemon modestus"
"465",4870,"Palaemon macrodactylus","Adult","Species","Arthropoda","Malacostraca","Decapoda","Palaemonidae","Palaemon","Palaemon macrodactylus"
"466",4950,"Rhithropanopeus harrisii","Adult","Species","Arthropoda","Malacostraca","Decapoda","Panopeidae","Rhithropanopeus","Rhithropanopeus harrisii"
"467",4105,"Alienacanthomysis macropsis","Adult","Species","Arthropoda","Malacostraca","Mysida","Mysidae","Alienacanthomysis","Alienacanthomysis macropsis"
"468",4100,"Hyperacanthomysis longirostris","Adult","Species","Arthropoda","Malacostraca","Mysida","Mysidae","Hyperacanthomysis","Hyperacanthomysis longirostris"
"469",4109,"Neomysis kadiakensis","Adult","Species","Arthropoda","Malacostraca","Mysida","Mysidae","Neomysis","Neomysis kadiakensis"
"470",4110,"Neomysis mercedis","Adult","Species","Arthropoda","Malacostraca","Mysida","Mysidae","Neomysis","Neomysis mercedis"
"471",4101,"Orientomysis aspera","Adult","Species","Arthropoda","Malacostraca","Mysida","Mysidae","Orientomysis","Orientomysis aspera"
"472",6890,"Potamocorbula amurensis","Adult","Species","Mollusca","Bivalvia","Myoida","Corbulidae","Potamocorbula","Potamocorbula amurensis"
"473",6730,"Corbicula fluminea","Adult","Species","Mollusca","Bivalvia","Veneroida","Corbiculidae","Corbicula","Corbicula fluminea"
