"","Genus","Species","LifeStage","taxon"
"1","Alona",NA,"Adult","Alona NA Adult"
"2","Bosmina",NA,"Adult","Bosmina NA Adult"
"3","Ceriodaphnia",NA,"Adult","Ceriodaphnia NA Adult"
"4","Chydorus",NA,"Adult","Chydorus NA Adult"
"5","Daphnia",NA,"Adult","Daphnia NA Adult"
"6","Disparalona",NA,"Adult","Disparalona NA Adult"
"7","Eurycercus",NA,"Adult","Eurycercus NA Adult"
"8","Kurzia",NA,"Adult","Kurzia NA Adult"
"9","Leydigia",NA,"Adult","Leydigia NA Adult"
"10","Simocephalus",NA,"Adult","Simocephalus NA Adult"
"11","Acanthocyclops","vernalis","Adult","Acanthocyclops vernalis Adult"
"12","Calanoid",NA,"Copepodid","Calanoid NA Copepodid"
"13","Cyclopoid",NA,"Copepodid","Cyclopoid NA Copepodid"
"14","Diacyclops","thomasi","Adult","Diacyclops thomasi Adult"
"15","Harpacticoida",NA,"Adult","Harpacticoida NA Adult"
"16","Leptodiaptomus","siciloides","Adult","Leptodiaptomus siciloides Adult"
"17","Paracyclops","chiltoni","Adult","Paracyclops chiltoni Adult"
"18","Pseudodiaptomus","forbesi","Adult","Pseudodiaptomus forbesi Adult"
"19","Copepod",NA,"Nauplii","Copepod NA Nauplii"
"20","Ostracoda",NA,"Adult","Ostracoda NA Adult"
"21","Bdelloid",NA,"Adult","Bdelloid NA Adult"
"22","Brachionus",NA,"Adult","Brachionus NA Adult"
"23","Cephalodella",NA,"Adult","Cephalodella NA Adult"
"24","Colurella",NA,"Adult","Colurella NA Adult"
"25","Conochilus",NA,"Adult","Conochilus NA Adult"
"26","Filinia",NA,"Adult","Filinia NA Adult"
"27","Keratella",NA,"Adult","Keratella NA Adult"
"28","Lecane",NA,"Adult","Lecane NA Adult"
"29","Lepadella",NA,"Adult","Lepadella NA Adult"
"30","Lophocharis",NA,"Adult","Lophocharis NA Adult"
"31","Monostyla",NA,"Adult","Monostyla NA Adult"
"32","Plationus",NA,"Adult","Plationus NA Adult"
"33","Polyarthra",NA,"Adult","Polyarthra NA Adult"
"34","Synchaeta",NA,"Adult","Synchaeta NA Adult"
"35","Testudinella",NA,"Adult","Testudinella NA Adult"
"36","Trichocerca",NA,"Adult","Trichocerca NA Adult"
"37","Trichotria",NA,"Adult","Trichotria NA Adult"
"38","Clitellata",NA,NA,"Clitellata NA NA"
"39","Chironomidae",NA,NA,"Chironomidae NA NA"
"40","Nematoda",NA,NA,"Nematoda NA NA"
"41","Tardigrada",NA,NA,"Tardigrada NA NA"
"42","Euchlanis",NA,"Adult","Euchlanis NA Adult"
"43","Platyias",NA,"Adult","Platyias NA Adult"
"44","Eucyclops",NA,"Adult","Eucyclops NA Adult"
"45","Microcyclops",NA,"Adult","Microcyclops NA Adult"
"46","Coleoptera",NA,NA,"Coleoptera NA NA"
"47","Eucyclops","pectinifer","Adult","Eucyclops pectinifer Adult"
"48","Kellicottia",NA,"Adult","Kellicottia NA Adult"
"49","Corixidae",NA,NA,"Corixidae NA NA"
"50","Camptocercus",NA,"Adult","Camptocercus NA Adult"
"51","Pseudochydorus",NA,"Adult","Pseudochydorus NA Adult"
"52","Osphranticum","labronectum","Adult","Osphranticum labronectum Adult"
"53","Ilyocryptus",NA,"Adult","Ilyocryptus NA Adult"
"54","Notholca",NA,"Adult","Notholca NA Adult"
"55","Crangonyx",NA,NA,"Crangonyx NA NA"
"56","Hyalella",NA,NA,"Hyalella NA NA"
"57","Macrothrix",NA,"Adult","Macrothrix NA Adult"
"58","Paracyclops","poppei","Adult","Paracyclops poppei Adult"
"59","Sinocalanus","doerri","Adult","Sinocalanus doerri Adult"
"60","Collembola",NA,NA,"Collembola NA NA"
"61","Hydra",NA,NA,"Hydra NA NA"
"62","Hydrachnidia",NA,NA,"Hydrachnidia NA NA"
"63","Picripleuroxus",NA,"Adult","Picripleuroxus NA Adult"
"64","Microcyclops","rubellus","Adult","Microcyclops rubellus Adult"
"65","Paracyclops",NA,"Adult","Paracyclops NA Adult"
"66","Collotheca",NA,"Adult","Collotheca NA Adult"
"67","Mytilina",NA,"Adult","Mytilina NA Adult"
"68","Formicidae",NA,NA,"Formicidae NA NA"
"69","Monospilus",NA,"Adult","Monospilus NA Adult"
"70","Hesperodiaptomus","franciscanus","Adult","Hesperodiaptomus franciscanus Adult"
"71","Wolga",NA,"Adult","Wolga NA Adult"
"72","Alonella",NA,"Adult","Alonella NA Adult"
"73","Curculionidae",NA,NA,"Curculionidae NA NA"
"74","Moina",NA,"Adult","Moina NA Adult"
"75","Asplanchna",NA,"Adult","Asplanchna NA Adult"
"76","Notommata",NA,"Adult","Notommata NA Adult"
"77","Unidentified",NA,NA,"Unidentified NA NA"
"78","Veliger",NA,NA,"Veliger NA NA"
"79","Diptera",NA,NA,"Diptera NA NA"
"80","Eurytemora","affinis","Adult","Eurytemora affinis Adult"
"81","Gastropoda",NA,NA,"Gastropoda NA NA"
"82","Araneae",NA,NA,"Araneae NA NA"
"83","Physidae",NA,NA,"Physidae NA NA"
"84","Skistodiaptomus","pallidus","Adult","Skistodiaptomus pallidus Adult"
"85","Planorbidae",NA,NA,"Planorbidae NA NA"
"86","Limnoithona","tetraspina","Adult","Limnoithona tetraspina Adult"
"87","Coenagrionidae",NA,NA,"Coenagrionidae NA NA"
"88","Anuraeopsis",NA,"Adult","Anuraeopsis NA Adult"
"89","Hymenoptera",NA,NA,"Hymenoptera NA NA"
"90","Aphididae",NA,NA,"Aphididae NA NA"
"91","Amphipoda",NA,NA,"Amphipoda NA NA"
"92","Sida",NA,"Adult","Sida NA Adult"
"93","Graptoleberis",NA,"Adult","Graptoleberis NA Adult"
"94","Diacyclops","thomasi",NA,"Diacyclops thomasi NA"
"95","Scapholeberis",NA,"Adult","Scapholeberis NA Adult"
"96","Diaphanosoma",NA,"Adult","Diaphanosoma NA Adult"
"97","Thripidae",NA,NA,"Thripidae NA NA"
"98","Ephemeroptera",NA,NA,"Ephemeroptera NA NA"
"99","Trichoptera",NA,NA,"Trichoptera NA NA"
"100","Mesocyclops",NA,"Adult","Mesocyclops NA Adult"
"101","Pleuroxus",NA,"Adult","Pleuroxus NA Adult"
"102","Hemiptera",NA,NA,"Hemiptera NA NA"
"103","Hydroptilidae",NA,NA,"Hydroptilidae NA NA"
"104","Macrocyclops",NA,"Adult","Macrocyclops NA Adult"
"105","Hydrobiidae",NA,NA,"Hydrobiidae NA NA"
"106","Eucyclops","prionophorus","Adult","Eucyclops prionophorus Adult"
"107","Eucyclops","elegans","Adult","Eucyclops elegans Adult"
"108","Ascomorpha",NA,"Adult","Ascomorpha NA Adult"
"109","Ploesoma",NA,"Adult","Ploesoma NA Adult"
"110","Hirudinea",NA,NA,"Hirudinea NA NA"
"111","Sisyridae",NA,NA,"Sisyridae NA NA"
"112","Mysidae",NA,NA,"Mysidae NA NA"
"113","Anchistropus",NA,"Adult","Anchistropus NA Adult"
"114","Gastropus",NA,"Adult","Gastropus NA Adult"
"115","Zygoptera",NA,NA,"Zygoptera NA NA"
"116","Hexarthra",NA,"Adult","Hexarthra NA Adult"
"117","Calanoid",NA,"Adult","Calanoid NA Adult"
"118","Trichocerca",NA,NA,"Trichocerca NA NA"
"119","Trichotria",NA,NA,"Trichotria NA NA"
"120","Dytiscidae",NA,NA,"Dytiscidae NA NA"
"121","Calopterygidae",NA,NA,"Calopterygidae NA NA"
"122","Paracyclops","fimbriatus","Adult","Paracyclops fimbriatus Adult"
"123","Ceratopogonidae",NA,NA,"Ceratopogonidae NA NA"
"124","Corophium",NA,NA,"Corophium NA NA"
"125","Caenidae",NA,NA,"Caenidae NA NA"
"126","Platyhelminthes",NA,NA,"Platyhelminthes NA NA"
"127","Wolga",NA,NA,"Wolga NA NA"
"128","Odonata",NA,NA,"Odonata NA NA"
"129","Arctodiaptomus","dorsalis","Adult","Arctodiaptomus dorsalis Adult"
"130","Daphnia",NA,"Copepodid","Daphnia NA Copepodid"
"131","Cyclopoid",NA,"Adult","Cyclopoid NA Adult"
"132","Bryozoan",NA,NA,"Bryozoan NA NA"
