"","Date","Station","Turbidity_ntu","Secchi_cm","Temp_C","SpCond_uS","DO_mgL"
"1",2012-03-08,"16",20.2,52,NA,NA,NA
"2",2012-03-08,"34",36.3,30,NA,NA,NA
"3",2012-03-08,"44",28.2,40,NA,NA,NA
"4",2012-03-08,"56",33.2,32,NA,NA,NA
"5",2012-03-08,"62",39.2,32,NA,NA,NA
"6",2012-03-08,"66",33.3,36,NA,NA,NA
"7",2012-03-08,"70",14.7,56,NA,NA,NA
"8",2012-03-08,"74",10.3,76,NA,NA,NA
"9",2012-03-08,"76",7.9,92,NA,NA,NA
"10",2012-03-08,"84",3.3,124,NA,NA,NA
"11",2012-04-03,"16",58.2,28,NA,NA,NA
"12",2012-04-03,"34",41.1,28,NA,NA,NA
"13",2012-04-03,"44",38.1,28,NA,NA,NA
"14",2012-04-03,"56",25.1,38,NA,NA,NA
"15",2012-04-03,"62",21.9,38,NA,NA,NA
"16",2012-04-03,"66",21.4,38,NA,NA,NA
"17",2012-04-03,"70",12,60,NA,NA,NA
"18",2012-04-03,"74",10.7,76,NA,NA,NA
"19",2012-04-03,"76",11,68,NA,NA,NA
"20",2012-04-03,"84",7.6,88,NA,NA,NA
"21",2012-05-08,"16",20.7,52,16.73,138,9.14
"22",2012-05-08,"34",18.4,64,16.82,137,9.31
"23",2012-05-08,"44",21.1,56,17.02,157,9.23
"24",2012-05-08,"56",26,40,17.92,308,8.97
"25",2012-05-08,"62",33.3,30,19.02,598,9.03
"26",2012-05-08,"66",30.1,32,18.88,848,9.28
"27",2012-05-08,"70",14.6,54,19.02,1043,9.06
"28",2012-05-08,"74",13.1,68,20.56,1096.33333333333,8.96
"29",2012-05-08,"76",8,100,20.38,1098,8.49
"30",2012-05-08,"84",7.3,104,21.25,1061,8.56
"31",2012-06-13,"16",16.6,62,20.61,175,8.64
"32",2012-06-13,"34",15.3,64,20.9055555555556,165,8.23
"33",2012-06-13,"44",21.5,44,20.6,172,8.03
"34",2012-06-13,"56",26.9,38,21.287037037037,220.333333333333,8.34333333333333
"35",2012-06-13,"62",32.8,30,21.26,417.5,8.505
"36",2012-06-13,"66",35.8,30,21.49,682.5,9.095
"37",2012-06-13,"70",21,40,22.8185185185185,951.333333333333,9.83666666666667
"38",2012-06-13,"74",17.9,50,23.6111111111111,1048,11.29
"39",2012-06-13,"76",13.4,60,25.055,1107,10.425
"40",2012-06-13,"84",7.1,110,24.285,1114.5,10.66
"41",2012-07-12,"16",10.6,96,22.65,125,8.025
"42",2012-07-12,"34",9.6,96,22.84,125,7.965
"43",2012-07-12,"44",14.5,74,22.6333333333333,135.666666666667,7.91
"44",2012-07-12,"56",21.1,52,22.9833333333333,196.333333333333,8.13
"45",2012-07-12,"62",33.8,36,23.24,424.666666666667,8.5
"46",2012-07-12,"66",32.6,38,23.555,674.5,8.98
"47",2012-07-12,"70",17.9,58,25.4466666666667,957,11.5333333333333
"48",2012-07-12,"74",9.7,80,27.575,1095.5,10.385
"49",2012-07-12,"76",4.7,120,26.6366666666667,1138.66666666667,9.18333333333333
"50",2012-07-12,"84",2.9,92,27.62,1062.5,10.31
"51",2012-08-13,"16",6.5,132,22.605,119.5,8.045
"52",2012-08-13,"34",6.8,116,22.395,125.5,8.025
"53",2012-08-13,"44",11.5,80,22.52,138,8.215
"54",2012-08-13,"56",15.5,64,23.52,285.333333333333,8.67
"55",2012-08-13,"62",25.5,42,24.325,519.5,9.01
"56",2012-08-13,"66",21.9,42,24.85,774,9.55
"57",2012-08-13,"70",13.6,60,25.895,961,8.745
"58",2012-08-13,"74",9.7,78,25.91,1008.5,8.955
"59",2012-08-13,"76",7.6,96,26.675,947,9.055
"60",2012-08-13,"84",6.2,96,26.9666666666667,962,12.4566666666667
"61",2012-09-11,"16",5.6,160,20.285,192,8.36
"62",2012-09-11,"34",7.3,116,20.2475,202.5,8.2325
"63",2012-09-11,"44",9.9,100,20.0366666666667,223,8.33666666666667
"64",2012-09-11,"56",14.1,72,20.735,264.5,8.515
"65",2012-09-11,"62",32.4,40,21.345,436,8.555
"66",2012-09-11,"66",35.1,36,21.455,630.5,8.91
"67",2012-09-11,"70",24.9,40,22.48,878,8.88
"68",2012-09-11,"74",16.8,62,23.3866666666667,993.333333333333,9.48333333333333
"69",2012-09-11,"76",11,72,24.4,1042.5,8.77
"70",2012-09-11,"84",4.6,126,24.44,982.5,8.77
"71",2012-10-09,"16",13.1,80,18.835,223.75,9.825
"72",2012-10-09,"34",15.4,80,18.52,150,9.33
"73",2012-10-09,"44",16.4,70,18.285,150,9.24
"74",2012-10-09,"56",26.4,40,18.3666666666667,185.666666666667,9.59666666666667
"75",2012-10-09,"62",29.4,38,19.47,387,9.7
"76",2012-10-09,"66",34.9,36,19.48,583,8.76
"77",2012-10-09,"70",33,34,20.72,833,8.42
"78",2012-10-09,"74",23,44,21.09,923,8.26
"79",2012-10-09,"76",15.7,52,21.86,979,8.53
"80",2012-10-09,"84",10.2,84,22.145,979,8.565
"81",2012-12-06,"16",86.1,18,13.2149991989136,144,7.90499973297119
"82",2012-12-06,"34",146,14,13.2549996376038,160,7.70499968528748
"83",2012-12-06,"44",188,12,13.1649994850159,160,7.42999982833862
"84",2012-12-06,"56",120,14,13.5549998283386,217.5,7.4949996471405
"85",2012-12-06,"62",30.7,34,14.0149998664856,376,9.2049994468689
"86",2012-12-06,"66",50.7,28,14.0899996757507,591.5,9.72499942779541
"87",2012-12-06,"70",29.5,38,14.2949995994568,811.5,9.64499950408936
"88",2012-12-06,"74",15.8,56,14.4149994850159,921.5,9.43499946594238
"89",2012-12-06,"76",12.4,84,14.5499997138977,1011.5,9.34499931335449
"90",2012-12-06,"84",6.3,120,14.6049995422363,1036,9.4549994468689
"91",2013-01-24,"16",13.5,88,7.67499971389771,222,10.9599995613098
"92",2013-01-24,"34",14.6,80,7.86999988555908,233,10.8999996185303
"93",2013-01-24,"44",16,68,7.91999983787537,259,10.8699994087219
"94",2013-01-24,"56",28.9,46,7.75,331,10.7149996757507
"95",2013-01-24,"62",58.9,24,7.53999972343445,510,10.8399996757507
"96",2013-01-24,"66",65.7,22,7.78499984741211,718,11.0599994659424
"97",2013-01-24,"70",39,32,8.0649995803833,882,10.9899997711182
"98",2013-01-24,"74",17.5,50,8.29499959945679,991.5,10.8649997711182
"99",2013-01-24,"76",13.7,60,8.66999912261963,1084,10.7199997901917
"100",2013-01-24,"84",11.1,86,8.84999942779541,1090,10.3849992752075
"101",2013-02-20,"16",9.1,100,10.4399995803833,220,10.5199995040894
"102",2013-02-20,"34",8.7,94,10.7099990844727,229,10.379999478658
"103",2013-02-20,"44",11.2,96,10.5849995613098,227.5,10.3749995231628
"104",2013-02-20,"56",21.5,48,10.6199998855591,354,10.4099998474121
"105",2013-02-20,"62",43.8,30,10.3149995803833,482,10.6249995231628
"106",2013-02-20,"66",54.2,20,9.96499919891357,689,10.9399995803833
"107",2013-02-20,"70",35.3,28,10.1333332061768,892.333333333333,10.9766664505005
"108",2013-02-20,"74",23,24,10.2549996376038,1025,10.9249997138977
"109",2013-02-20,"76",15.7,48,10.3549995422363,1150.5,10.9999995231628
"110",2013-02-20,"84",8.1,108,10.4499998092651,1168,11.1249995231628
"111",2013-03-27,"16",18.7,62,14.3599996566772,214,9.61249947547913
"112",2013-03-27,"34",12.8,88,14.2533330917358,205,9.6899995803833
"113",2013-03-27,"44",17.9,54,14.2366663614909,235,9.6999994913737
"114",2013-03-27,"56",15.2,60,14.6949996948242,405.5,10.0249996185303
"115",2013-03-27,"62",20.8,44,14.5699996948242,619.5,10.3849992752075
"116",2013-03-27,"66",19.1,40,14.2649998664856,835.5,10.5049996376038
"117",2013-03-27,"70",8.3,88,14.154999256134,1048,10.4849996566772
"118",2013-03-27,"74",5.5,108,14.1549997329712,1101,10.5199995040894
"119",2013-03-27,"76",4.6,132,14.5849995613098,1138,10.9799995422363
"120",2013-03-27,"84",6.3,84,15.5399996439616,1147,13.3966658910116
"121",2013-05-01,"16",56.4,28,17.8966663501881,1226,8.93666585286458
"122",2013-05-01,"34",19.1,60,18.7799976490162,230.333333333333,8.53999964396159
"123",2013-05-01,"44",19.8,50,19.4066648130064,191,8.28666623433431
"124",2013-05-01,"56",46.1,28,18.75,254,8.67999935150146
"125",2013-05-01,"62",32.8,34,18.4999974568685,463,8.9549994468689
"126",2013-05-01,"66",38.7,32,18.0266655815972,736,9.18999926249186
"127",2013-05-01,"70",22.5,44,18.6149999830458,1009.5,9.16999959945679
"128",2013-05-01,"74",19,52,18.5349973042806,1114.5,9.30999946594238
"129",2013-05-01,"76",14,64,18.5399966769748,1148.5,9.12499952316284
"130",2013-05-01,"84",9.2,96,18.4249962700738,1197,8.28999948501587
"131",2013-05-31,"16",34.5,36,19.1399976942274,259,8.6799996693929
"132",2013-05-31,"34",13.6,80,19.7959984673394,166,8.23199958801269
"133",2013-05-31,"44",14.5,74,19.9033327455874,170,8.24666627248128
"134",2013-05-31,"56",29.3,54,19.7524982028537,185,8.40749955177307
"135",2013-05-31,"62",46,24,20.0366663049769,392,8.67333285013835
"136",2013-05-31,"66",66.6,18,19.9299974794741,659.333333333333,8.84333292643229
"137",2013-05-31,"70",47,28,20.5174997117784,966,8.5724995136261
"138",2013-05-31,"74",35.1,28,20.8100001017253,1073.25,8.64999938011169
"139",2013-05-31,"76",18.1,48,21.3499973438404,1150.66666666667,9.04333305358887
"140",2013-05-31,"84",7.9,92,22.4074988894992,1172,9.93249940872192
"141",2013-06-28,"16",23.6,50,21.9649993048774,534.5,0
"142",2013-06-28,"34",9.7,98,22.5300004747179,157,7.67999982833862
"143",2013-06-28,"44",8.9,100,22.4349975585938,150,7.71499967575073
"144",2013-06-28,"56",16.8,60,23.0499988132053,189.5,8.0799994468689
"145",2013-06-28,"62",36.4,32,23.1349987453885,402,8.41999959945679
"146",2013-06-28,"66",42.2,28,23.2700008816189,685.5,8.42999982833862
"147",2013-06-28,"70",23.8,40,24.5549986097548,964.5,8.52999925613403
"148",2013-06-28,"74",17.6,52,25.8899985419379,1087.5,9.71999931335449
"149",2013-06-28,"76",8,70,25.9400007459852,1185,10.2599992752075
"150",2013-06-28,"84",6.7,100,26.499998304579,1198.5,10.2799997329712
"151",2013-08-02,"16",9.6,110,21.1899990505642,173,8.48499965667725
"152",2013-08-02,"34",9.5,100,20.9299977620443,153,8.35999965667725
"153",2013-08-02,"44",14.4,66,20.3599972195096,166.5,8.58999967575073
"154",2013-08-02,"56",18.2,60,21.8299992879232,303.5,8.87499952316284
"155",2013-08-02,"62",28.2,36,22.489997016059,537,8.97499942779541
"156",2013-08-02,"66",28.5,34,23.4049987792969,804,9.02999973297119
"157",2013-08-02,"70",16.1,54,24.7549978892008,1031.5,9.12749934196472
"158",2013-08-02,"74",14.7,58,23.8049994574653,1114,9.2049994468689
"159",2013-08-02,"76",12,64,25.8299997117784,1172,9.18499946594238
"160",2013-08-02,"84",6.5,120,25.9149996439616,1156,8.71999931335449
"161",2013-09-06,"16",15.9,64,21.6766639992043,262.333333333333,8.08333285649618
"162",2013-09-06,"34",8.1,119,21.6500006781684,187,7.91499972343445
"163",2013-09-06,"44",11.3,90,21.3249990675184,190.5,8.01499938964844
"164",2013-09-06,"56",16.5,48,22.0399983723958,317,8.36499977111816
"165",2013-09-06,"62",29.6,28,22.1949979994032,516.5,8.48999977111816
"166",2013-09-06,"66",32.1,27,22.2600004408095,744,8.42999935150146
"167",2013-09-06,"70",18.8,51,22.9049979315864,989,8.20999956130981
"168",2013-09-06,"74",15.1,48,23.3199988471137,1069,8.14499950408936
"169",2013-09-06,"76",11.9,62,24.2999988132053,1087,8.28499984741211
"170",2013-09-06,"84",6.9,82,24.6699990166558,1069,8.86999988555908
"171",2013-11-05,"16",29.2,40,14.5399983723958,1481,9.52999973297119
"172",2013-11-05,"34",8.4,104,13.9449999067518,178.5,9.28999948501587
"173",2013-11-05,"44",11.3,80,13.48999871148,181,9.47999954223633
"174",2013-11-05,"56",10.2,78,14.259999593099,240,9.67999935150146
"175",2013-11-05,"62",21.5,44,14.5333325421369,425,9.91999912261963
"176",2013-11-05,"66",31.4,38,14.4049983554416,633.5,10.1099996566772
"177",2013-11-05,"70",18.4,48,15.1199987199571,877.5,9.86999940872192
"178",2013-11-05,"74",14.9,52,15.3549999660916,995.5,9.85499954223633
"179",2013-11-05,"76",11,44,15.8899985419379,1068.5,9.68499946594238
"180",2013-11-05,"84",7.9,62,16.5433318526657,1137.66666666667,9.58333301544189
"181",2014-01-31,"16",24.7,48,10.6233321295844,3745.66666666667,10.1833327611287
"182",2014-01-31,"34",8.4,140,10.8149994744195,330.5,10.0249996185303
"183",2014-01-31,"44",7.7,130,10.8999994066026,261.5,10.0849995613098
"184",2014-01-31,"56",15.9,66,10.4349994659424,307,10.409999370575
"185",2014-01-31,"62",42.1,28,10.0233332316081,442.333333333333,10.6966660817464
"186",2014-01-31,"66",70.6,24,9.74666595458984,654,10.8466663360596
"187",2014-01-31,"70",37.4,28,9.65999921162923,1023,10.6099996566772
"188",2014-01-31,"74",24.6,44,9.77499855889214,1194.5,10.5199995040894
"189",2014-01-31,"76",12.4,80,9.96999846564399,1257,10.5149993896484
"190",2014-01-31,"84",8.7,88,10.379998948839,1304.5,10.9799995422363
"191",2014-03-06,"16",19,60,13.9299986097548,301.5,8.28999996185303
"192",2014-03-06,"34",39.1,28,13.4450001186795,253.5,8.06999969482422
"193",2014-03-06,"44",45.1,28,13.4400007459852,252,8.0649995803833
"194",2014-03-06,"56",24.2,42,14.0249994066026,332,8.56999969482422
"195",2014-03-06,"62",31.9,30,14.1049999660916,475,9.60999965667725
"196",2014-03-06,"66",47.2,24,13.6899990505642,708.666666666667,10
"197",2014-03-06,"70",23.4,40,13.8549995422363,1024.5,10.0899991989136
"198",2014-03-06,"74",14.3,54,13.8149992624919,1152,10.1699991226196
"199",2014-03-06,"76",10.1,68,14.1649987962511,1230,10.3999996185303
"200",2014-03-06,"84",7.8,92,14.1099993387858,1268.33333333333,10.7299995422363
"201",2014-04-07,"16",16.1,66,14.2866665522257,213,8.95999908447266
"202",2014-04-07,"34",12.6,76,14.2099994023641,207,9.06666628519694
"203",2014-04-07,"44",12.4,80,14.4633328119914,212.666666666667,3.02999973297119
"204",2014-04-07,"56",18.5,58,15.9566663106283,312.666666666667,9.28666623433431
"205",2014-04-07,"62",17.8,50,16.5366655985514,440.666666666667,9.68333276112874
"206",2014-04-07,"66",23.5,40,16.0299997329712,686.666666666667,10.1133330663045
"207",2014-04-07,"70",13.5,60,16.7599989573161,988.333333333333,10.3366661071777
"208",2014-04-07,"74",9.6,66,17.3866659800212,1145,10.3133328755697
"209",2014-04-07,"76",8.5,78,17.8533318837484,1225.66666666667,10.3233327865601
"210",2014-04-07,"84",6.2,100,18.9199994405111,1234.66666666667,10.7699995040894
"211",2014-05-12,"16",37.8,30,18.3999996185303,403,8.77666632334391
"212",2014-05-12,"34",12.9,66,18.9199981689453,222.666666666667,8.4399995803833
"213",2014-05-12,"44",19.4,50,18.5699990590413,243,8.48999977111816
"214",2014-05-12,"56",29.7,28,19.5833320617676,415.666666666667,8.82666651407878
"215",2014-05-12,"62",42.7,24,19.5233325958252,656.333333333333,9.19999917348226
"216",2014-05-12,"66",39,24,20.2099997202555,905.666666666667,9.59333260854085
"217",2014-05-12,"70",24.9,32,19.9066664377848,1113,9.32666651407878
"218",2014-05-12,"74",18.3,40,20.4933325449626,1188,9.69666639963786
"219",2014-05-12,"76",11.3,60,20.6199989318848,1225.66666666667,9.64333279927572
"220",2014-05-12,"84",9.1,64,20.5833326975505,1283,9.68333276112874
"221",2014-06-24,"16",33.8,40,21.6599998474121,843,8.07499980926514
"222",2014-06-24,"34",13.4,70,21.8699989318848,185,7.70999956130981
"223",2014-06-24,"44",18.5,56,21.5366655985514,188.666666666667,8.0133326848348
"224",2014-06-24,"56",17.3,48,22.5899991989136,322.5,8.5799994468689
"225",2014-06-24,"62",26.8,36,22.2866655985514,563,8.60999965667725
"226",2014-06-24,"66",27.6,36,23.5099983215332,802.5,8.60499954223633
"227",2014-06-24,"70",15.7,48,24.649998664856,1090.5,9.02999973297119
"228",2014-06-24,"74",14.1,60,23.2049989700317,1157.5,9.44999933242798
"229",2014-06-24,"76",9.5,92,25.1799993515015,1249.5,10.9399995803833
"230",2014-06-24,"84",4.6,120,25.979998588562,1286.5,9.74499940872192
"231",2014-07-30,"16",14.9,60,22.25,3802,8.2649998664856
"232",2014-07-30,"34",13.1,70,23.5499992370605,320,7.69999957084656
"233",2014-07-30,"44",8.7,96,23.8249998092651,176,7.39999985694885
"234",2014-07-30,"56",10.6,78,23.5299987792969,240.5,8.23999977111816
"235",2014-07-30,"62",22,48,23.2599992752075,457.5,8.56999969482422
"236",2014-07-30,"66",29.3,36,23.3449983596802,693.5,8.3899998664856
"237",2014-07-30,"70",13.4,54,24.4099988937378,990,8.77499961853027
"238",2014-07-30,"74",12.2,60,24.6799993515015,1092.5,8.72499990463257
"239",2014-07-30,"76",9.24,68,25.399998664856,1206.5,9.39999961853027
"240",2014-07-30,"84",5.12,120,26.2499990463257,1299,8.8299994468689
"241",2014-08-28,"16",NA,54,20.8299999237061,2668.5,8.73999977111816
"242",2014-08-28,"34",NA,102,22.0449991226196,219.5,8.19999933242798
"243",2014-08-28,"44",NA,108,22.0449991226196,192,8.04499959945679
"244",2014-08-28,"56",NA,78,21.8499984741211,280,8.90499973297119
"245",2014-08-28,"62",NA,22,21.649998664856,461.5,8.88499975204468
"246",2014-08-28,"66",NA,22,21.8149995803833,699.5,8.85999965667725
"247",2014-08-28,"70",NA,32,22.7599992752075,948,8.68499946594238
"248",2014-08-28,"74",NA,36,23.4249992370605,1064,8.53499984741211
"249",2014-08-28,"76",NA,54,24.524998664856,1168.5,8.83999967575073
"250",2014-08-28,"84",NA,88,24.6549997329712,1224.5,8.58499956130981
"251",2014-10-07,"16",21.9,56,20.8399982452393,3644,7.8699996471405
"252",2014-10-07,"34",10.7,108,21.0949983596802,294,7.49999976158142
"253",2014-10-07,"44",6.9,106,20.9499988555908,249,7.65999984741211
"254",2014-10-07,"56",7,106,21.2099990844727,342,8.27499961853027
"255",2014-10-07,"62",14.6,54,21.2149991989136,512,8.64499950408936
"256",2014-10-07,"66",14.3,44,21.3499984741211,691.5,8.81999969482422
"257",2014-10-07,"70",13,60,21.7599992752075,958.5,8.8299994468689
"258",2014-10-07,"74",9.6,70,22.7049989700317,1070.5,9.49499940872192
"259",2014-10-07,"76",6.8,92,22.6949996948242,1149,9.67499923706055
"260",2014-10-07,"84",3.9,136,22.9599990844727,1212,10.1249995231628
"261",2014-10-21,"16",18.2,NA,NA,NA,NA
"262",2014-10-21,"34",6.4,NA,NA,NA,NA
"263",2014-10-21,"44",6.9,NA,NA,NA,NA
"264",2014-10-21,"56",11.2,NA,NA,NA,NA
"265",2014-10-21,"62",18.2,NA,NA,NA,NA
"266",2014-10-21,"66",24.3,NA,NA,NA,NA
"267",2014-10-21,"70",21.5,NA,NA,NA,NA
"268",2014-10-21,"74",20,NA,NA,NA,NA
"269",2014-10-21,"76",15.4,NA,NA,NA,NA
"270",2014-10-21,"84",10.9,NA,NA,NA,NA
"271",2014-10-23,"16",14.9,NA,NA,NA,NA
"272",2014-10-23,"34",8.4,NA,NA,NA,NA
"273",2014-10-23,"44",6,NA,NA,NA,NA
"274",2014-10-23,"56",8.7,NA,NA,NA,NA
"275",2014-10-23,"62",21,NA,NA,NA,NA
"276",2014-10-23,"66",25,NA,NA,NA,NA
"277",2014-10-23,"70",17.6,NA,NA,NA,NA
"278",2014-10-23,"74",15.1,NA,NA,NA,NA
"279",2014-10-23,"76",11.3,NA,NA,NA,NA
"280",2014-10-23,"84",8,NA,NA,NA,NA
"281",2014-11-18,"16",10.4,82,14.6099996566772,685.5,9.0149998664856
"282",2014-11-18,"34",3.4,188,14.4949998855591,214,8.8299994468689
"283",2014-11-18,"44",4.1,168,14.25,218,9.08999919891357
"284",2014-11-18,"56",6.7,136,14.2699995040894,238,9.10999965667725
"285",2014-11-18,"62",18.1,50,14.8399991989136,363,9.17999935150146
"286",2014-11-18,"66",43.6,24,14.7799997329712,541,9.19999980926514
"287",2014-11-18,"70",28.5,32,14.9899997711182,743,9.10999965667725
"288",2014-11-18,"74",16.4,50,15.25,898,9.06999969482422
"289",2014-11-18,"76",11.6,64,15.4549994468689,1031,8.88999938964844
"290",2014-11-18,"84",8.2,84,16.1099987030029,1142,8.70999908447266
"291",2014-12-18,"16",112,14,11.1899995803833,214,8.09499931335449
"292",2014-12-18,"34",90,20,11.1099996566772,201,8.34499979019165
"293",2014-12-18,"44",108,16,11.1699995994568,262,8.28499984741211
"294",2014-12-18,"56",97,20,11.5649995803833,253,8.32999992370605
"295",2014-12-18,"62",61,24,12.5299997329712,368,9.05999946594238
"296",2014-12-18,"66",80,18,12.4549994468689,534,9.83499956130981
"297",2014-12-18,"70",38,24,12.6899995803833,750.5,9.86999940872192
"298",2014-12-18,"74",16,52,12.7199993133545,904,9.79999923706055
"299",2014-12-18,"76",11,70,12.8549995422363,1023,9.69499921798706
"300",2014-12-18,"84",4.8,132,13.3899993896484,1161,9.5649995803833
"301",2015-01-27,"16",25.8,40,10.12799949646,1134.6,9.65199947357178
"302",2015-01-27,"34",11.2,86,10.3599996566772,295,9.5149998664856
"303",2015-01-27,"44",9.8,96,10.4849996566772,287,9.71499919891357
"304",2015-01-27,"56",12.1,84,10.3849992752075,321,9.65999937057495
"305",2015-01-27,"62",28.7,42,9.93999910354614,431,9.75999975204468
"306",2015-01-27,"66",55.3,28,9.74499988555908,604,10.2799997329712
"307",2015-01-27,"70",48.6,26,9.89499950408936,811,10.5049996376038
"308",2015-01-27,"74",18.3,54,10.0799994468689,934.5,10.5199995040894
"309",2015-01-27,"76",7.9,90,10.3266665140788,1049,10.4633328119914
"310",2015-01-27,"84",5.1,128,10.60666624705,1086.66666666667,10.476666132609
"311",2015-03-09,"16",43,24,13.8799991607666,828,9.21999931335449
"312",2015-03-09,"34",11.1,96,14.1199998855591,306.5,9.1399998664856
"313",2015-03-09,"44",9.6,104,14.25,297,9.19999933242798
"314",2015-03-09,"56",21.5,50,14.2749996185303,399.5,9.26999950408936
"315",2015-03-09,"62",29,34,14.1899991035461,558.5,9.71499967575073
"316",2015-03-09,"66",26,36,14.6749997138977,725.5,10.1349992752075
"317",2015-03-09,"70",13,56,14.6099996566772,918,10.3599996566772
"318",2015-03-09,"74",8.8,80,15.2599997520447,994,10.8599996566772
"319",2015-03-09,"76",9.2,84,15.779999256134,1040,13.7749991416931
"320",2015-03-09,"84",8.8,100,16.5499982833862,1015.5,17.7749996185303
"321",2015-04-22,"16",35.5,34,16.6199989318848,5988,9.12999963760376
"322",2015-04-22,"34",23.3,42,17.019998550415,795,9.32999992370605
"323",2015-04-22,"44",11.3,84,17.3466650644938,306,8.82999960581462
"324",2015-04-22,"56",12.2,90,17.3199987411499,325.5,9.12499952316284
"325",2015-04-22,"62",16,56,17.7099990844727,502,9.48999977111816
"326",2015-04-22,"66",26.3,38,17.6333325703939,698,9.63333257039388
"327",2015-04-22,"70",14.4,56,17.2799997329712,924,9.5149998664856
"328",2015-04-22,"74",9.9,72,17.7699995040894,1031,9.58999967575073
"329",2015-04-22,"76",9.2,80,18.2999992370605,1061,9.50499963760376
"330",2015-04-22,"84",5.5,96,19.7499990463257,1109.5,11.9999995231628
"331",2015-05-27,"16",19,48,18.4599990844727,878,9.00499963760376
"332",2015-05-27,"34",10,100,18.9049997329712,213,8.56999969482422
"333",2015-05-27,"44",13,80,18.4799995422363,218,8.67333316802979
"334",2015-05-27,"56",15,68,18.5799992879232,276.666666666667,8.95333290100098
"335",2015-05-27,"62",26,44,18.4374994850159,467.75,9.17749973297119
"336",2015-05-27,"66",34,30,18.2849988937378,658,9.39999961853027
"337",2015-05-27,"70",21,48,19.0049991607666,863.5,9.30999946594238
"338",2015-05-27,"74",16,52,19.7333323160807,996.666666666667,9.32999928792318
"339",2015-05-27,"76",13,68,20.6199989318848,1082,9.19999980926514
"340",2015-05-27,"84",11,84,20.9049997329712,1151.5,9.19499969482422
"341",2015-07-08,"16",36,40,21.104998588562,5851,8.55499935150146
"342",2015-07-08,"34",20,56,22.4499988555908,707,8.22999954223633
"343",2015-07-08,"44",11,76,22.5799999237061,302,7.99499988555908
"344",2015-07-08,"56",13,70,22.1999988555908,218,8.08999919891357
"345",2015-07-08,"62",22,48,22.5399990081787,331,8.30999946594238
"346",2015-07-08,"66",47,28,22.1999988555908,543,8.39999961853027
"347",2015-07-08,"70",26,40,23.3249998092651,837,7.97999978065491
"348",2015-07-08,"74",19,52,23.7399997711182,963,7.75499963760376
"349",2015-07-08,"76",15,60,24.3749990463257,1061,7.5149998664856
"350",2015-07-08,"84",8.3,92,25.2649984359741,1144.5,7.3199999332428
"351",2015-08-20,"16",25,40,21.6849985122681,6311.5,8.41999912261963
"352",2015-08-20,"34",12,84,22.9599990844727,559,8.22999954223633
"353",2015-08-20,"44",7.4,136,23.2299995422363,254,7.97999978065491
"354",2015-08-20,"56",5,128,23.0349988937378,207,8.34499931335449
"355",2015-08-20,"62",13,68,22.7899990081787,346,8.5799994468689
"356",2015-08-20,"66",28,40,22.3599987030029,555,8.61499929428101
"357",2015-08-20,"70",16,48,23.4499988555908,829,8.42999982833862
"358",2015-08-20,"74",12,70,23.7899990081787,963,8.21999931335449
"359",2015-08-20,"76",11,70,24.2299995422363,1048,8.21499967575073
"360",2015-08-20,"84",7.6,100,24.9199991226196,1120,8.40499973297119
"361",2015-10-27,"16",29.7,44,19.4749994277954,3491.5,8.05499935150146
"362",2015-10-27,"34",7.8,148,19.3699989318848,240,7.8699996471405
"363",2015-10-27,"44",3.4,192,19.1499996185303,201,7.94999980926514
"364",2015-10-27,"56",7.6,108,19.5899982452393,288,8.27999973297119
"365",2015-10-27,"62",27.7,40,19.5849990844727,429.5,8.34499931335449
"366",2015-10-27,"66",44.3,32,19.4249982833862,587,8.33499956130981
"367",2015-10-27,"70",27.3,42,19.7149991989136,790.5,8.06999969482422
"368",2015-10-27,"74",19.5,50,19.8799991607666,935.5,7.93499970436096
"369",2015-10-27,"76",12.8,68,20.2199993133545,1080,7.87999963760376
"370",2015-10-27,"84",8.1,100,20.4599990844727,1159,7.71999955177307
"371",2016-02-03,"16",90.3,20,9.90499973297119,158,10.2699995040894
"372",2016-02-03,"34",109,18,9.73499965667725,154,10.2299995422363
"373",2016-02-03,"44",106,16,9.6299991607666,151,10.2349996566772
"374",2016-02-03,"56",91.4,18,9.88499975204468,209,10.2199993133545
"375",2016-02-03,"62",52.9,26,10.2599997520447,332,10.2549996376038
"376",2016-02-03,"66",52.7,22,10.0849995613098,523.5,10.9149994850159
"377",2016-02-03,"70",39.7,30,10.3749995231628,752.5,11.029999256134
"378",2016-02-03,"74",21.7,40,10.7249994277954,886,11.1299996376038
"379",2016-02-03,"76",19.8,55,10.8699994087219,998.5,11.1649994850159
"380",2016-02-03,"84",7.9,102,10.9049997329712,909,11.1499991416931
"381",2016-03-02,"16",8.8,88,13.695,188,9.905
"382",2016-03-02,"34",4.1,180,13.6449995040894,181,9.89999961853027
"383",2016-03-02,"44",3,200,13.7099990844727,182,9.88499927520752
"384",2016-03-02,"56",3,150,14.9699997901917,245,10.1849994659424
"385",2016-03-02,"62",16.8,48,14.8199996948242,377.5,9.77999925613403
"386",2016-03-02,"66",22.9,42,15.2349991798401,563.5,10.2149996757507
"387",2016-03-02,"70",12.4,56,15.5999994277954,776.5,10.4699993133545
"388",2016-03-02,"74",11.8,72,16.1349997520447,862,10.654999256134
"389",2016-03-02,"76",8,100,15.9249997138977,915.5,11.2549996376038
"390",2016-03-02,"84",4.9,132,16.0449991226196,901.5,12.8849992752075
"391",2016-04-04,"16",14.8,68,15.4599990844727,183,9.30999946594238
"392",2016-04-04,"34",15,64,15.8399996757507,213,9.27999973297119
"393",2016-04-04,"44",18.9,60,16.2999992370605,303,9.21499919891357
"394",2016-04-04,"56",14.3,58,16.6599988937378,391.5,9.64999914169312
"395",2016-04-04,"62",15.2,48,17.42999903361,570.333333333333,9.95666599273682
"396",2016-04-04,"66",11.6,62,17.6599998474121,753,10.3299999237061
"397",2016-04-04,"70",6.4,100,17.7149991989136,874,10.1899995803833
"398",2016-04-04,"74",5.4,120,17.8099994659424,888,11.1699991226196
"399",2016-04-04,"76",5.6,110,18.2049989700317,867,12.3749995231628
"400",2016-04-04,"84",3.9,126,19.6849985122681,652.5,12.7449998855591
"401",2016-04-28,"16",11.8,NA,17.2724995613098,162.5,9.35749936103821
"402",2016-04-28,"34",7.1,NA,17.0549993515015,161,9.29499959945679
"403",2016-04-28,"44",9.2,NA,16.8949995040894,193.5,9.27499961853027
"404",2016-04-28,"56",11.8,NA,17.7249994277954,299,9.3149995803833
"405",2016-04-28,"62",19.4,NA,18.3999996185303,506,8.88499927520752
"406",2016-04-28,"66",26.7,NA,18,688,8.79499959945679
"407",2016-04-28,"70",20.6,NA,18.1399993896484,823,8.37499952316284
"408",2016-04-28,"74",17.4,NA,18.0499992370605,852,8.243332862854
"409",2016-04-28,"76",15.2,NA,18.1599988937378,858,8.11999988555908
"410",2016-04-28,"84",6.6,NA,18.5799999237061,839,8.51999950408936
"411",2016-06-07,"16",9.6,87,22.5233319600423,142,7.96666638056437
"412",2016-06-07,"34",12.2,68,22.0749998092651,142.5,7.84999990463257
"413",2016-06-07,"44",9.6,88,22.0899982452393,138,7.68999981880188
"414",2016-06-07,"56",17.1,60,22.4699993133545,203.5,7.60999965667725
"415",2016-06-07,"62",27.7,42,22.5099992752075,424,7.89999985694885
"416",2016-06-07,"66",28.7,40,22.6249990463257,655,8.14499950408936
"417",2016-06-07,"70",11.5,72,22.8699989318848,879,7.38499975204468
"418",2016-06-07,"74",8.84,80,23.2249994277954,912,7.48999977111816
"419",2016-06-07,"76",5.7,108,23.774998664856,932,7.99499988555908
"420",2016-06-07,"84",2.46,256,25.3899993896484,960,8.7049994468689
"421",2016-06-30,"16",12.6,80,22.93,148,8.58
"422",2016-06-30,"34",9.1,112,23.02,126,7.73
"423",2016-06-30,"44",11.8,76,22.96,132,7.68
"424",2016-06-30,"56",12,60,23.85,224,8.175
"425",2016-06-30,"62",14.1,72,24.54,401,8.59
"426",2016-06-30,"66",18.9,58,24.84,649,9.25
"427",2016-06-30,"70",9.5,76,25.245,868.5,8.4
"428",2016-06-30,"74",7.7,88,25.51,907,8.42
"429",2016-06-30,"76",5.3,110,26.07,930,8.225
"430",2016-06-30,"84",6.9,172,27.795,999,10.6
"431",2016-07-26,"16",9.4,NA,22.6133321126302,133.333333333333,8.63999938964844
"432",2016-07-26,"34",6.8,NA,22.6933320363363,113,8.27666632334391
"433",2016-07-26,"44",9.6,NA,22.4049997329712,129,8.34499931335449
"434",2016-07-26,"56",11.1,NA,23.0549993515015,223.5,8.41499948501587
"435",2016-07-26,"62",20.1,NA,22.939998626709,417,8.30999946594238
"436",2016-07-26,"66",24.6,NA,23.019998550415,635,8.19999933242798
"437",2016-07-26,"70",16.1,NA,23.3799991607666,833,7.74499988555908
"438",2016-07-26,"74",12.3,NA,23.6399993896484,886,7.82999992370605
"439",2016-07-26,"76",8.1,NA,24.25,937,8.02666632334391
"440",2016-07-26,"84",4.6,NA,25.0766658782959,947,8.49333318074544
"441",2016-08-24,"16",NA,40,20.5466666666667,433.666666666667,9.17666666666667
"442",2016-08-24,"34",NA,148,21.08,144,8.845
"443",2016-08-24,"44",NA,160,21.05,148,8.49
"444",2016-08-24,"56",NA,120,21.595,187,9.005
"445",2016-08-24,"62",NA,56,22.11,335,8.635
"446",2016-08-24,"66",NA,30,21.9533333333333,556,8.63333333333333
"447",2016-08-24,"70",NA,36,23.855,789,8.47
"448",2016-08-24,"74",NA,56,24.215,867,8.495
"449",2016-08-24,"76",NA,68,24.7766666666667,926,8.26
"450",2016-08-24,"84",NA,94,25.415,935.5,8.115
"451",2016-09-29,"16",19.2,64,20.17,319,8.19
"452",2016-09-29,"34",3.5,192,20.21,151,8.055
"453",2016-09-29,"44",5,160,20.0333333333333,159.333333333333,8.15
"454",2016-09-29,"56",6.8,120,20.77,239,8.99
"455",2016-09-29,"62",18.8,52,20.88,403,8.535
"456",2016-09-29,"66",27.8,40,20.88,566,8.48
"457",2016-09-29,"70",18.6,50,21.24,756,8.125
"458",2016-09-29,"74",15.1,56,21.435,833,8.005
"459",2016-09-29,"76",9.8,84,21.685,869,7.865
"460",2016-09-29,"84",4.3,168,22.22,882,8.21
"461",2016-10-27,"16",13.3,70,17.45,898,8.1
"462",2016-10-27,"34",3.7,236,17.27,153,8.065
"463",2016-10-27,"44",3.7,208,17.38,159,8.175
"464",2016-10-27,"56",7.1,120,17.655,225,8.1
"465",2016-10-27,"62",24,37,17.85,358.5,8.275
"466",2016-10-27,"66",44.6,28,17.75,510,8.46
"467",2016-10-27,"70",29.5,33,17.92,693,8.475
"468",2016-10-27,"74",19.5,48,18.105,812,8.61
"469",2016-10-27,"76",9.5,80,18.28,876,8.665
"470",2016-10-27,"84",4.3,152,18.62,895,8.96
"471",2016-12-22,"16",49.4,24,8.78,130,9.89
"472",2016-12-22,"34",49.5,24,8.63,139,9.855
"473",2016-12-22,"44",54.6,24,8.41,117,10.135
"474",2016-12-22,"56",58.5,24,8.615,149,9.615
"475",2016-12-22,"62",48.2,28,9.715,255.5,9.755
"476",2016-12-22,"66",88.1,18,10.28,407,10.235
"477",2016-12-22,"70",78.6,20,10.405,601.5,10.285
"478",2016-12-22,"74",41,28,10.95,752.5,10.25
"479",2016-12-22,"76",16.3,52,11.24,934,10.27
"480",2016-12-22,"84",7.8,100,11.26,895.5,10.265
"481",2017-02-14,"16",209,8,10.95,115.5,9.68
"482",2017-02-14,"34",201,12,10.67,108.5,9.925
"483",2017-02-14,"44",185,12,10.51,99,10.05
"484",2017-02-14,"56",29,48,12.35,245.5,9.85
"485",2017-02-14,"62",23.8,54,12.7266666666667,510,9.89333333333333
"486",2017-02-14,"66",16.5,80,12.725,773,10.535
"487",2017-02-14,"70",14.3,90,13.065,810.5,10.185
"488",2017-02-14,"74",13.8,100,13.045,799,10.62
"489",2017-02-14,"76",11.4,120,12.7533333333333,737.666666666667,10.7033333333333
"490",2017-02-14,"84",14.9,88,12.7733333333333,602,11.7266666666667
"491",2017-03-13,"16",45.2,28,13.075,195,10.195
"492",2017-03-13,"34",49.6,32,12.74,176.666666666667,10.2933333333333
"493",2017-03-13,"44",34.2,44,14.19,263.666666666667,10.3733333333333
"494",2017-03-13,"56",23.4,44,13.9633333333333,564.666666666667,9.89
"495",2017-03-13,"62",18.3,50,14.51,839.5,9.99
"496",2017-03-13,"66",12.8,68,14.785,860,10.27
"497",2017-03-13,"70",7.6,76,14.87,823.666666666667,10.4866666666667
"498",2017-03-13,"74",23.9,48,15.0333333333333,817.333333333333,12.2033333333333
"499",2017-03-13,"76",11.4,56,15.69,682,14.8766666666667
"500",2017-03-13,"84",8.3,90,16.2833333333333,583,16.2966666666667
"501",2017-04-05,"16",19.7,60,14.45,156.666666666667,10.01
"502",2017-04-05,"34",18.7,60,14.4866666666667,169.333333333333,10.0166666666667
"503",2017-04-05,"44",16.8,68,15.33,230,9.93
"504",2017-04-05,"56",17.4,58,16.0866666666667,307,9.88333333333333
"505",2017-04-05,"62",20.7,48,16.7333333333333,694.333333333333,9.48333333333333
"506",2017-04-05,"66",19.7,46,16.96,870.666666666667,9.57333333333333
"507",2017-04-05,"70",16.9,50,16.9375,885.75,9.315
"508",2017-04-05,"74",16.2,56,17.4,875.666666666667,9.16333333333333
"509",2017-04-05,"76",13.6,68,17.36,867,9.1275
"510",2017-04-05,"84",9.5,92,17.355,803,10.14
"511",2017-05-17,"16",9.6,100,15.535,117,9.79
"512",2017-05-17,"34",10.1,92,15.215,100,9.945
"513",2017-05-17,"44",10.3,92,15.58,113,9.84
"514",2017-05-17,"56",12.2,68,17.405,293,9.3
"515",2017-05-17,"62",20,46,19.1266666666667,687.333333333333,9.03
"516",2017-05-17,"66",28.5,30,19.04,859,9.11
"517",2017-05-17,"70",21.9,44,19.6,868,8.665
"518",2017-05-17,"74",18,48,19.77,850,8.73
"519",2017-05-17,"76",11.9,72,19.95,810,8.365
"520",2017-05-17,"84",6.4,134,20.065,741.5,8.295
"521",2017-06-19,"16",8.2,118,21.38,126,8.46
"522",2017-06-19,"34",8.1,116,21.69,136,8.245
"523",2017-06-19,"44",8.1,96,22.21,164,8.14
"524",2017-06-19,"56",9.5,96,23.1366666666667,254.666666666667,8.39333333333333
"525",2017-06-19,"62",13.7,60,23.98,520.5,9.49
"526",2017-06-19,"66",17.5,52,25.28,741,10.28
"527",2017-06-19,"70",12.3,62,26.64,846,9.46
"528",2017-06-19,"74",10,68,26.7133333333333,851,9.05333333333333
"529",2017-06-19,"76",8.9,80,26.97,833.5,8.7
"530",2017-06-19,"84",6.2,130,26.7066666666667,807.666666666667,8.69666666666667
"531",2017-07-20,"16",11.4,96,23.3333333333333,127,7.94666666666667
"532",2017-07-20,"34",7,136,22.9933333333333,126,7.925
"533",2017-07-20,"44",8.5,108,22.7816666666667,144,7.91333333333333
"534",2017-07-20,"56",12,76,24.0857142857143,264.142857142857,8.27428571428571
"535",2017-07-20,"62",17.8,46,24.2757142857143,477.857142857143,8.41285714285714
"536",2017-07-20,"66",25.9,38,24.6128571428571,665.142857142857,8.60285714285714
"537",2017-07-20,"70",16.4,44,25.3385714285714,811.571428571429,8.67857142857143
"538",2017-07-20,"74",13.4,68,25.83,858.666666666667,8.83833333333333
"539",2017-07-20,"76",11.9,68,26.28,886.571428571429,8.83428571428571
"540",2017-07-20,"84",3.6,180,26.725,896.125,8.3675
"541",2017-08-24,"16",16.4,83,21.05,153.666666666667,8.48
"542",2017-08-24,"34",7.8,132,21.58,131,8.14
"543",2017-08-24,"44",5.8,148,21.48,134,8.03
"544",2017-08-24,"56",14.3,68,21.9233333333333,219,8.24666666666667
"545",2017-08-24,"62",32.4,36,22.2166666666667,413,8.27
"546",2017-08-24,"66",52.5,28,22.525,604.5,8.29
"547",2017-08-24,"70",25.4,36,23.4533333333333,798,7.91333333333333
"548",2017-08-24,"74",17.4,50,24.26,856,8.03
"549",2017-08-24,"76",13.1,72,24.94,880.5,7.87
"550",2017-08-24,"84",4.2,154,25.47,858.666666666667,8.04666666666667
"551",2017-09-26,"16",8.1,128,18.1366666666667,129,8.8
"552",2017-09-26,"34",5,180,17.66,123,9.02
"553",2017-09-26,"44",4.9,184,17.555,123,8.98
"554",2017-09-26,"56",4.5,172,18.9433333333333,153.333333333333,9.08333333333333
"555",2017-09-26,"62",9.7,84,20.9,321,8.715
"556",2017-09-26,"66",21.6,44,21.09,536,8.93333333333333
"557",2017-09-26,"70",14.3,60,21.7933333333333,736.666666666667,8.84666666666667
"558",2017-09-26,"74",9.3,84,22.0166666666667,791.666666666667,8.73
"559",2017-09-26,"76",6.9,108,22.36,790.666666666667,8.47333333333333
"560",2017-09-26,"84",4.4,140,22.48,764,8.2
"561",2017-11-02,"16",NA,208,16.6533330281576,131,8.74666627248128
"562",2017-11-02,"34",NA,256,16.535,134,8.745
"563",2017-11-02,"44",NA,208,16.2833333333333,138,8.75666666666667
"564",2017-11-02,"56",NA,136,16.6733333333333,218.333333333333,8.97333333333333
"565",2017-11-02,"62",NA,68,16.75,359.333333333333,9.13
"566",2017-11-02,"66",NA,44,16.75,514.5,9.22
"567",2017-11-02,"70",NA,64,17.02,681.5,9.055
"568",2017-11-02,"74",NA,84,17.03,750,8.975
"569",2017-11-02,"76",NA,160,17.175,786,9.1
"570",2017-11-02,"84",NA,260,17.5,784,9.06333333333333
"571",2017-12-18,"16",11.8,100,9.25,261,10.74
"572",2017-12-18,"34",16.8,60,9.1,170,10.65
"573",2017-12-18,"44",24.6,52,9.03666666666667,174,10.6733333333333
"574",2017-12-18,"56",28.2,46,9.615,232,10.41
"575",2017-12-18,"62",57.3,24,10.115,345,10.46
"576",2017-12-18,"66",109,16,10.05,487,10.7233333333333
"577",2017-12-18,"70",69.2,24,10.5433333333333,653,10.66
"578",2017-12-18,"74",36.9,34,10.67,780.5,10.69
"579",2017-12-18,"76",13.3,68,11.3833333333333,936.666666666667,10.64
"580",2017-12-18,"84",5.3,160,11.93,1020.5,10.455
"581",2018-01-30,"16",10.3,98,9.97333333333333,183,10.33
"582",2018-01-30,"34",10.5,100,10.05,189,10.425
"583",2018-01-30,"44",8.5,116,10.2233333333333,209.333333333333,10.42
"584",2018-01-30,"56",9.9,100,10.39,248.666666666667,10.28
"585",2018-01-30,"62",26.4,40,10.36,360.5,10.235
"586",2018-01-30,"66",53.1,26,10.1866666666667,502,10.53
"587",2018-01-30,"70",33.5,36,10.5366666666667,677,10.6
"588",2018-01-30,"74",12.4,74,10.7966666666667,825.666666666667,10.7866666666667
"589",2018-01-30,"76",4.5,184,11.205,976.5,11.21
"590",2018-01-30,"84",4.3,220,11.54,1042,12.2866666666667
"591",2018-03-05,"16",9,108,9.885,204,10.355
"592",2018-03-05,"34",11.1,100,9.82,199,10.24
"593",2018-03-05,"44",13.8,72,9.76,209,10.41
"594",2018-03-05,"56",22.5,48,10.235,310,10.785
"595",2018-03-05,"62",59.5,20,10.26,427,10.9
"596",2018-03-05,"66",86.9,18,10.185,578,11.025
"597",2018-03-05,"70",32.3,32,10.38,811,11.04
"598",2018-03-05,"74",17.3,52,10.8233333333333,956,11.1366666666667
"599",2018-03-05,"76",8.9,94,10.7533333333333,1043,10.7466666666667
"600",2018-03-05,"84",3.6,200,11.3433333333333,1048,10.6866666666667
"601",2018-04-02,"16",15.7,80,14.545,142,9.475
"602",2018-04-02,"34",13.2,88,14.73,142,9.5
"603",2018-04-02,"44",11,100,14.8433333333333,158.666666666667,9.40666666666667
"604",2018-04-02,"56",21.2,46,15.3766666666667,286.333333333333,9.4
"605",2018-04-02,"62",57.6,24,15.5333333333333,454,9.58333333333333
"606",2018-04-02,"66",57.2,20,16.12,649,9.80333333333333
"607",2018-04-02,"70",17.8,44,16.52,869.333333333333,9.99
"608",2018-04-02,"74",12.1,60,16.97,939.666666666667,10.26
"609",2018-04-02,"76",7.8,90,16.6833333333333,980.333333333333,11.0666666666667
"610",2018-04-02,"84",3.7,168,17.565,860,12.625
"611",2018-05-07,"16",10.3,100,17.855,177,9.135
"612",2018-05-07,"34",3.7,260,18.26,174,9.03
"613",2018-05-07,"44",4.6,266,18.4866666666667,170,8.92333333333333
"614",2018-05-07,"56",8.2,94,18.9766666666667,233.333333333333,9.17333333333333
"615",2018-05-07,"62",19.7,48,19.345,421.5,9.355
"616",2018-05-07,"66",48.6,24,19.97,673,9.54333333333333
"617",2018-05-07,"70",48.7,22,20.4633333333333,865.333333333333,9.55
"618",2018-05-07,"74",29.9,32,20.9666666666667,935.666666666667,9.65333333333333
"619",2018-05-07,"76",9.7,76,21.465,967,10.08
"620",2018-05-07,"84",3.5,172,21.595,938,10.87
"621",2018-06-06,"16",8.5,116,20.8666666666667,161,8.33333333333333
"622",2018-06-06,"34",3.7,208,21.21,146,8.03333333333333
"623",2018-06-06,"44",2.4,226,21.1766666666667,147,7.90333333333333
"624",2018-06-06,"56",6.3,130,20.9433333333333,181.333333333333,8.31666666666667
"625",2018-06-06,"62",11.2,80,21.205,369.5,8.67
"626",2018-06-06,"66",18.7,52,20.9333333333333,598,8.97333333333333
"627",2018-06-06,"70",13.7,54,21.25,856.666666666667,8.92
"628",2018-06-06,"74",11.1,72,21.385,913,8.95
"629",2018-06-06,"76",7.9,100,21.995,958,9.13
"630",2018-06-06,"84",4.18,200,23.33,1030.5,9.055
"631",2018-07-12,"16",14.2,80,22.44,187,8.285
"632",2018-07-12,"34",8,156,22.78,129,7.82
"633",2018-07-12,"44",8.3,130,22.335,134,7.775
"634",2018-07-12,"56",20.1,56,23.295,226,8.265
"635",2018-07-12,"62",41.8,32,23.265,429,8.335
"636",2018-07-12,"66",49.3,26,23.6933333333333,644,8.37
"637",2018-07-12,"70",24.7,40,24.81,859,8.25
"638",2018-07-12,"74",13.4,70,25.625,939.5,8.715
"639",2018-07-12,"76",8.24,104,26.1233333333333,999.666666666667,8.70333333333333
"640",2018-07-12,"84",5.3,190,26.7925,1062,10.515
"641",2018-08-16,"16",19.4,46,21.4263916015625,903.987731933594,8.35386943817139
"642",2018-08-16,"34",3.8,200,21.7199993133545,156.5,8.24999952316284
"643",2018-08-16,"44",3.8,188,21.5999984741211,156,8.1299991607666
"644",2018-08-16,"56",5.7,130,21.8199996948242,187,8.58999919891357
"645",2018-08-16,"62",15.8,56,22.7149991989136,338.5,8.62499952316284
"646",2018-08-16,"66",29.9,32,22.9699993133545,556,8.52999973297119
"647",2018-08-16,"70",14.3,60,24.2899990081787,789,8.39999961853027
"648",2018-08-16,"74",12,72,24.8899993896484,885.5,8.58999967575073
"649",2018-08-16,"76",9.2,84,25.7999992370605,978.5,8.65999937057495
"650",2018-08-16,"84",5.3,124,26.8699989318848,1048,8.3799991607666
"651",2018-09-19,"16",3.4,232,19.35,174,8.47
"652",2018-09-19,"34",3.4,228,19.2233333333333,182,8.56
"653",2018-09-19,"44",3.3,224,19.335,219,8.98
"654",2018-09-19,"56",5.2,168,19.835,237.5,8.795
"655",2018-09-19,"62",14.5,70,20.345,347,8.645
"656",2018-09-19,"66",19.6,48,20.4633333333333,495,8.85
"657",2018-09-19,"70",12.6,60,21.19,711,8.84333333333333
"658",2018-09-19,"74",8.2,80,21.7066666666667,849.666666666667,8.84666666666667
"659",2018-09-19,"76",6.2,104,22.405,991,8.885
"660",2018-09-19,"84",3.5,148,23.165,1055,9
"661",2018-10-18,"16",5,174,17.33,244,8.66
"662",2018-10-18,"34",3.2,240,17.27,155,8.67666666666667
"663",2018-10-18,"44",3.6,252,17.19,160,8.94
"664",2018-10-18,"56",5.9,156,17.1825,177.75,8.9425
"665",2018-10-18,"62",19.5,56,17.8225,297.75,8.54
"666",2018-10-18,"66",39.9,28,17.9566666666667,457.333333333333,8.88
"667",2018-10-18,"70",19.2,44,18.5666666666667,668,8.86
"668",2018-10-18,"74",12.4,68,18.745,815,9.15
"669",2018-10-18,"76",4.7,120,19.77,975.666666666667,9.32666666666667
"670",2018-10-18,"84",3.4,152,20.2633333333333,1001.33333333333,8.88666666666667
"671",2018-12-20,"16",5.6,188,10.94,282.5,9.54
"672",2018-12-20,"34",8.5,168,11.1,209,9.44666666666667
"673",2018-12-20,"44",7.7,148,11.12,217,9.39666666666667
"674",2018-12-20,"56",13.8,100,11.06,229,9.39
"675",2018-12-20,"62",27.3,46,11.1,303,9.54666666666667
"676",2018-12-20,"66",74.3,24,11.28,445.666666666667,10.0833333333333
"677",2018-12-20,"70",61,28,11.4,636.333333333333,10.19
"678",2018-12-20,"74",29,40,11.62,795.666666666667,10.0133333333333
"679",2018-12-20,"76",17.8,68,11.9066666666667,944,10.09
"680",2018-12-20,"84",5.3,160,12.1733333333333,1083,10.24
"681",2019-01-30,"16",29.5,48,10.6266666666667,229,8.96666666666667
"682",2019-01-30,"34",29.8,52,10.94,248,8.71333333333333
"683",2019-01-30,"44",36.5,50,10.87,241,8.83
"684",2019-01-30,"56",32,46,11.2166666666667,291,8.27333333333333
"685",2019-01-30,"62",50.4,30,10.95,339,9.32666666666667
"686",2019-01-30,"66",56.8,20,11.0666666666667,496.666666666667,10.22
"687",2019-01-30,"70",44.2,32,11.4,707.333333333333,10.4966666666667
"688",2019-01-30,"74",17,68,11.6333333333333,885.666666666667,10.4966666666667
"689",2019-01-30,"76",9.1,92,12.22,979.666666666667,11.4733333333333
"690",2019-01-30,"84",7.3,108,12.8233333333333,899.666666666667,12.52
"691",2019-02-28,"16",58.1,28,9.26,115,11.1466666666667
"692",2019-02-28,"34",65.3,20,9.63,159,10.9566666666667
"693",2019-02-28,"44",101,18,10.23,220.333333333333,10.4466666666667
"694",2019-02-28,"56",67,24,9.96666666666667,243,10.5766666666667
"695",2019-02-28,"62",44.8,30,10.23,468.666666666667,10.7033333333333
"696",2019-02-28,"66",33.4,34,10.8133333333333,674.666666666667,10.9733333333333
"697",2019-02-28,"70",15.1,64,10.785,852,10.895
"698",2019-02-28,"74",12,86,11.4533333333333,933.333333333333,10.88
"699",2019-02-28,"76",12.4,100,11.3366666666667,938,10.8433333333333
"700",2019-02-28,"84",5.9,176,11.1266666666667,799,10.9733333333333
"701",2019-03-28,"16",12.5,84,13.0533333333333,239,10.0333333333333
"702",2019-03-28,"34",14.1,80,12.6133333333333,207,10.3
"703",2019-03-28,"44",13.5,80,13.47,281,9.97333333333333
"704",2019-03-28,"56",14.6,80,13.8433333333333,317.333333333333,9.88666666666667
"705",2019-03-28,"62",18.7,60,14.45,620.333333333333,9.75
"706",2019-03-28,"66",15.4,62,14.4233333333333,832,10.0566666666667
"707",2019-03-28,"70",8.9,108,14.6233333333333,873,10.1766666666667
"708",2019-03-28,"74",7.2,132,14.5366666666667,890,9.99333333333333
"709",2019-03-28,"76",5.3,154,14.3333333333333,881,10.1633333333333
"710",2019-03-28,"84",3.8,144,14.5525,703.25,13.2525
"711",2019-04-24,"16",8.1,114,16.8133333333333,167.666666666667,9.35333333333333
"712",2019-04-24,"34",19,88,16.59,142.666666666667,9.55666666666667
"713",2019-04-24,"44",14.5,88,16.3066666666667,148,9.48333333333333
"714",2019-04-24,"56",13.8,68,19.3933333333333,386.333333333333,9.13666666666667
"715",2019-04-24,"62",22.6,40,20.0933333333333,734,9.48
"716",2019-04-24,"66",23.6,40,21.0866666666667,882,9.77666666666667
"717",2019-04-24,"70",14.6,72,22.27,910.5,9.53
"718",2019-04-24,"74",11.5,76,21.89,872.333333333333,9.54
"719",2019-04-24,"76",6.1,132,22.26,817.666666666667,10.0566666666667
"720",2019-04-24,"84",2.6,244,22.2033333333333,693.333333333333,10.2333333333333
"721",2019-05-29,"16",9.17,112,16.9833333333333,126,9.21333333333333
"722",2019-05-29,"34",9.34,132,17.1866666666667,155.666666666667,9.13333333333333
"723",2019-05-29,"44",7.5,148,17.74,240.666666666667,9.08
"724",2019-05-29,"56",8.3,112,19.19,366.333333333333,9.22333333333333
"725",2019-05-29,"62",15.3,56,19.6366666666667,615.666666666667,9.15
"726",2019-05-29,"66",18.4,50,19.9066666666667,795.333333333333,9.40666666666667
"727",2019-05-29,"70",16.1,56,20.8066666666667,882.666666666667,9.24666666666667
"728",2019-05-29,"74",14.8,60,21.4866666666667,903.666666666667,9.26666666666667
"729",2019-05-29,"76",11.1,80,20.9466666666667,900.333333333333,9.34333333333333
"730",2019-05-29,"84",5.04,144,21.64,828.666666666667,9.79333333333333
"731",2019-06-27,"16",8.1,130,21.165,128,8.175
"732",2019-06-27,"34",7.6,130,20.97,129.5,8.185
"733",2019-06-27,"44",10.8,96,20.79,151,8.17
"734",2019-06-27,"56",25,56,21.57,232.5,8.31
"735",2019-06-27,"62",34.3,42,22.6,479,8.34
"736",2019-06-27,"66",44.8,36,23.38,701,8.83
"737",2019-06-27,"70",31.2,48,24.42,859,8.56
"738",2019-06-27,"74",21.6,56,25.28,905,8.57
"739",2019-06-27,"76",13.1,92,25.76,925,8.24
"740",2019-06-27,"84",5.1,160,25.93,872,8.49
"741",2019-07-30,"16",19,88,23.5125,132,7.9325
"742",2019-07-30,"34",8,148,23.0666666666667,127,7.61
"743",2019-07-30,"44",8.1,120,22.64,143,7.63666666666667
"744",2019-07-30,"56",27.2,56,23.915,278.75,8.2275
"745",2019-07-30,"62",47.2,30,23.875,503,8.06
"746",2019-07-30,"66",51.3,32,24.3666666666667,687.666666666667,8.07333333333333
"747",2019-07-30,"70",23.7,46,25.1633333333333,847,7.9
"748",2019-07-30,"74",17.9,56,25.6133333333333,918.666666666667,7.93333333333333
"749",2019-07-30,"76",11.9,82,26.5066666666667,991,8.07333333333333
"750",2019-07-30,"84",5.2,152,26.63,1068,7.84666666666667
"751",2019-08-27,"16",6.1,140,22.455,137,8.05
"752",2019-08-27,"34",5.7,192,22.28,142,7.9
"753",2019-08-27,"44",4.9,152,22.42,150,7.8
"754",2019-08-27,"56",5,148,24.1,220,8.48
"755",2019-08-27,"62",13.6,62,24.7,393.5,8.275
"756",2019-08-27,"66",21,40,25.15,579,8.205
"757",2019-08-27,"70",12.7,56,26.75,802,8.34
"758",2019-08-27,"74",7.6,84,26.455,903,8.435
"759",2019-08-27,"76",5,128,28.3,974,8.11
"760",2019-08-27,"84",2.1,268,28.26,1017,8.46
"761",2019-10-22,"16",5.4,180,16.12,19050.5,8.625
"762",2019-10-22,"34",3.6,216,16.19,137.333333333333,9.10666666666667
"763",2019-10-22,"44",4.8,200,16.1333333333333,136,9.11333333333333
"764",2019-10-22,"56",6.3,152,16.49,152,9.27
"765",2019-10-22,"62",15,76,17.26,306.5,9.12
"766",2019-10-22,"66",22.8,40,17.65,494,9.185
"767",2019-10-22,"70",22.5,46,17.94,730.5,9.1
"768",2019-10-22,"74",12,80,18.46,872,9.18
"769",2019-10-22,"76",6.5,112,18.995,985.5,9.32
"770",2019-10-22,"84",2.8,172,19.45,1022,9.285
