Sample Number,Sample Date,Start Time,Region,General Habitat,Depth m,Tide,Sampling Gear,Waypoint,Latitude Start WGS 84,Longitude Start WGS 84,Wind speed,Wind direction,Sky,Precipitation,Temperature °C,Specific Conductance µS/cm,Salinity PSU,Turbidity FNU,Chlorophyll µg/L,DO concentration mg/L,DO saturation %,pH,fDOM QSU,Zooplankton Sample,Phytoplankton Sample,Larval Fish Sample,Comments
490,4/26/2018,11:01,Wildlands,Interior(LHTR/FLUX),,Low slack,Plankton/LF net,WLDs,38.32705,-121.67291,5-10 -- small waves,Southwest,Clear,Dry,,,,,,,,,,0,1,0,
489,4/26/2018,10:41,Wildlands,Interior(LHTR/FLUX),,Low slack,Plankton/LF net,WLDm,38.33057,-121.6712,5-10 -- small waves,Southwest,Clear,Dry,,,,,,,,,,1,1,0,
488,4/26/2018,10:35,Wildlands,Interior(LHTR/FLUX),,Low slack,Plankton/LF net,WLDm,38.33057,-121.6712,5-10 -- small waves,Southwest,Clear,Dry,,,,,,,,,,1,1,0,
487,4/26/2018,10:29,Wildlands,Interior(LHTR/FLUX),,Low slack,Plankton/LF net,WLDm,38.33057,-121.6712,5-10 -- small waves,Southwest,Clear,Dry,,,,,,,,,,1,1,0,
484,4/26/2018,5:08,Wildlands,Interior(LHTR/FLUX),,High slack,Plankton/LF net,WLDm,38.33057,-121.6712,1-5 -- light ripples,Northwest,Clear,Dry,,,,,,,,,,0,1,0,
483,4/26/2018,5:25,Wildlands,Interior(LHTR/FLUX),,High slack,Plankton/LF net,WLDs,38.32705,-121.67291,0-1 -- glassy,Northwest,Clear,Dry,,,,,,,,,,1,1,0,
482,4/26/2018,5:19,Wildlands,Interior(LHTR/FLUX),,Flood,Plankton/LF net,WLDs,38.32705,-121.67291,0-1 -- glassy,Northwest,Clear,Dry,,,,,,,,,,1,1,0,
481,4/26/2018,5:13,Wildlands,Interior(LHTR/FLUX),,High slack,Plankton/LF net,WLDs,38.32705,-121.67291,1-5 -- light ripples,Northwest,Clear,Dry,,,,,,,,,,1,1,0,
478,4/25/2018,21:56,Wildlands,Interior(LHTR/FLUX),,Low slack,Plankton/LF net,WLDs,38.32705,-121.67291,1-5 -- light ripples,Northwest,Clear,Dry,,,,,,,,,,0,1,0,
477,4/25/2018,21:23,Wildlands,Interior(LHTR/FLUX),,Low slack,Plankton/LF net,WLDm,38.33057,-121.6712,1-5 -- light ripples,Northwest,Clear,Dry,,,,,,,,,,1,1,0,
476,4/25/2018,21:15,Wildlands,Interior(LHTR/FLUX),,Low slack,Plankton/LF net,WLDm,38.33057,-121.6712,1-5 -- light ripples,Northwest,Clear,Dry,,,,,,,,,,1,1,0,
475,4/25/2018,21:06,Wildlands,Interior(LHTR/FLUX),,Low slack,Plankton/LF net,WLDm,38.33057,-121.6712,1-5 -- light ripples,Northwest,Clear,Dry,,,,,,,,,,1,1,0,
472,4/25/2018,15:52,Wildlands,Interior(LHTR/FLUX),,High slack,Plankton/LF net,WLDm,38.33057,-121.6712,1-5 -- light ripples,Northwest,Clear,Dry,,,,,,,,,,1,1,0,
471,4/25/2018,15:35,Wildlands,Interior(LHTR/FLUX),,High slack,Plankton/LF net,WLDs,38.32705,-121.67291,1-5 -- light ripples,Northwest,Clear,Dry,,,,,,,,,,1,1,0,
470,4/25/2018,15:26,Wildlands,Interior(LHTR/FLUX),,High slack,Plankton/LF net,WLDs,38.32705,-121.67291,"20+ -- large waves, heavy whitecaps, spray",Northwest,Clear,Dry,,,,,,,,,,1,1,0,
469,4/25/2018,15:22,Wildlands,Interior(LHTR/FLUX),,High slack,Plankton/LF net,WLDs,38.32705,-121.67291,1-5 -- light ripples,Northwest,Clear,Dry,,,,,,,,,,1,1,0,
468,4/20/2018,10:30,Wildlands,Interior(LHTR/FLUX),,High slack,Plankton/LF net,WLDm,38.33057,-121.6712,0-1 -- glassy,N/A,Clear,Dry,,,,,,,,,,1,1,0,
467,4/20/2018,10:23,Wildlands,Interior(LHTR/FLUX),,High slack,Plankton/LF net,WLDm,38.33057,-121.6712,0-1 -- glassy,N/A,Clear,Dry,,,,,,,,,,1,1,0,
466,4/20/2018,10:06,Wildlands,Interior(LHTR/FLUX),,High slack,Plankton/LF net,WLDs,38.32705,-121.67291,0-1 -- glassy,N/A,Clear,Dry,,,,,,,,,,1,1,0,
465,4/20/2018,9:50,Wildlands,Interior(LHTR/FLUX),,High slack,Plankton/LF net,WLDs,38.32705,-121.67291,0-1 -- glassy,N/A,Clear,Dry,,,,,,,,,,1,1,0,
464,4/20/2018,9:44,Wildlands,Interior(LHTR/FLUX),,High slack,Plankton/LF net,WLDs,38.32705,-121.67291,0-1 -- glassy,N/A,Clear,Dry,,,,,,,,,,1,1,0,
463,4/20/2018,9:36,Wildlands,Interior(LHTR/FLUX),,High slack,Plankton/LF net,WLDs,38.32705,-121.67291,0-1 -- glassy,N/A,Clear,Dry,,,,,,,,,,1,1,0,
462,4/20/2018,3:37,Wildlands,Interior(LHTR/FLUX),,Low slack,Plankton/LF net,WLDm,38.33057,-121.6712,0-1 -- glassy,N/A,Clear,Dry,,,,,,,,,,1,1,0,
461,4/20/2018,3:28,Wildlands,Interior(LHTR/FLUX),,Low slack,Plankton/LF net,WLDm,38.33057,-121.6712,0-1 -- glassy,N/A,Light fog,Dry,,,,,,,,,,1,1,0,
460,4/20/2018,3:21,Wildlands,Interior(LHTR/FLUX),,Low slack,Plankton/LF net,WLDm,38.33057,-121.6712,0-1 -- glassy,N/A,Light fog,Dry,,,,,,,,,,1,1,0,
457,4/20/2018,4:23,Wildlands,Interior(LHTR/FLUX),,Low slack,Plankton/LF net,WLDs,38.32705,-121.67291,0-1 -- glassy,N/A,Clear,Dry,,,,,,,,,,0,1,0,"No paper data sheet, had to enter data from phyto samples collected"
456,4/20/2018,0:28,Wildlands,Interior(LHTR/FLUX),,High slack,Plankton/LF net,WLDm,38.33057,-121.6712,1-5 -- light ripples,Southwest,Clear,Dry,,,,,,,,,,1,1,0,
455,4/20/2018,0:20,Wildlands,Interior(LHTR/FLUX),,High slack,Plankton/LF net,WLDm,38.33057,-121.6712,1-5 -- light ripples,Southwest,Clear,Dry,,,,,,,,,,1,1,0,
454,4/20/2018,0:06,Wildlands,Interior(LHTR/FLUX),,High slack,Plankton/LF net,WLDs,38.32705,-121.67291,1-5 -- light ripples,Southwest,Clear,Dry,,,,,,,,,,1,1,0,
453,4/19/2018,23:06,Wildlands,Interior(LHTR/FLUX),,High slack,Plankton/LF net,WLDs,38.32705,-121.67291,1-5 -- light ripples,Southwest,Clear,Dry,,,,,,,,,,1,1,0,
452,4/19/2018,22:59,Wildlands,Interior(LHTR/FLUX),,High slack,Plankton/LF net,WLDs,38.32705,-121.67291,1-5 -- light ripples,Southwest,Clear,Dry,,,,,,,,,,1,1,0,
451,4/19/2018,22:50,Wildlands,Interior(LHTR/FLUX),,Ebb,Plankton/LF net,WLDs,38.32705,-121.67291,1-5 -- light ripples,Southwest,Clear,Dry,,,,,,,,,,1,1,0,
450,4/19/2018,16:51,Wildlands,Interior(LHTR/FLUX),,Flood,Plankton/LF net,WLDm,38.33057,-121.6712,5-10 -- small waves,Northeast,Clear,Dry,,,,,,,,,,1,1,0,
449,4/19/2018,16:40,Wildlands,Interior(LHTR/FLUX),,Flood,Plankton/LF net,WLDm,38.33057,-121.6712,5-10 -- small waves,Northeast,Clear,Dry,,,,,,,,,,1,1,0,
448,4/19/2018,16:30,Wildlands,Interior(LHTR/FLUX),,Flood,Plankton/LF net,WLDm,38.33057,-121.6712,5-10 -- small waves,Northeast,Clear,Dry,,,,,,,,,,1,1,0,
445,4/19/2018,15:50,Wildlands,Interior(LHTR/FLUX),,Flood,Plankton/LF net,WLDs,38.32705,-121.67291,5-10 -- small waves,Northeast,Clear,Dry,,,,,,,,,,0,1,0,NO TIDAL STAGED RECORDED
444,8/8/2017,21:02,Wildlands,Interior(LHTR/FLUX),1.68,Flood,Plankton/LF net,WLD07,38.32595,-121.6757,1-5 -- light ripples,Southwest,Clear,Dry,22.99,221.9,,20.48,2.82,6.6,77,7.07,32.98,1,1,0,"#NO SALINITY PROBE
#WLD 07
#BILL'S BOAT"
443,8/8/2017,20:57,Wildlands,Interior(LHTR/FLUX),0.84,Flood,Plankton/LF net,WLD06,38.32592,-121.6757,1-5 -- light ripples,Southwest,Clear,Dry,22.96,222.2,,20.65,2.74,6.62,77.2,7.07,33.05,1,1,0,"#NO SALINITY PROBE
#WLD 06
#BILL'S BOAT"
442,8/8/2017,20:48,Wildlands,Interior(LHTR/FLUX),1.179,Flood,Plankton/LF net,WLD05,38.3271,-121.6729,1-5 -- light ripples,Southwest,Clear,Dry,22.977,222.3,,21.43,3.14,6.6,77,7.07,32.77,1,1,0,"#NO SALINITY PROBE
#WLD 05
#BILL'S BOAT"
441,8/8/2017,20:41,Wildlands,Interior(LHTR/FLUX),1.05,Flood,Plankton/LF net,WLD04,38.32863,-121.6731,1-5 -- light ripples,Southwest,Clear,Dry,23.02,222,,21.52,2.9,6.58,76.7,7.06,33.06,1,1,0,"#NO SALINITY PROBE
#WLD 04
#BILL'S BOAT"
440,8/8/2017,20:31,Wildlands,Interior(LHTR/FLUX),0.7,Flood,Plankton/LF net,WLD03,38.33057,-121.6712,1-5 -- light ripples,Southwest,Clear,Dry,23.054,223.7,,20.12,2.87,6.61,77.1,7.06,33.82,1,1,0,"#NO SALINITY PROBE
#WLD 03
#BILL'S BOAT"
439,8/8/2017,20:21,Wildlands,Interior(LHTR/FLUX),1,Flood,Plankton/LF net,WLD02,38.33398,-121.6711,1-5 -- light ripples,Southwest,Clear,Dry,23.092,222.6,,20.71,2.94,6.6,77.2,7.06,33.59,1,1,0,"#NO SALINITY PROBE
#WLD 02
#BILL'S BOAT"
438,8/8/2017,14:37,Wildlands,Interior(LHTR/FLUX),0.63,Flood,Plankton/LF net,WLD06,38.32595,-121.6757,1-5 -- light ripples,Southwest,Clear,Dry,24.268,367.1,,52.24,3.26,5.72,68.4,6.68,52.26,1,1,0,"#NO SALINITY PROBE
#WLD 06
#BILL'S BOAT"
437,8/8/2017,14:26,Wildlands,Interior(LHTR/FLUX),0.65,Flood,Plankton/LF net,WLD05,38.32712,-121.6729,1-5 -- light ripples,Southwest,Clear,Dry,24.56,352.6,,57.68,6.48,7.54,90.8,6.81,34.73,1,1,0,
436,8/8/2017,14:16,Wildlands,Interior(LHTR/FLUX),0.31,Flood,Plankton/LF net,WLD04,38.32857,-121.6731,1-5 -- light ripples,Southwest,Clear,Dry,24.07,347.8,,18.39,2.2,6.79,81.1,6.74,50.69,1,1,0,"#NO SALINITY PROBE
#WLD 04
#BILL'S BOAT"
435,8/8/2017,14:03,Wildlands,Interior(LHTR/FLUX),0.34,Flood,Plankton/LF net,WLD03,38.3305,-121.6712,1-5 -- light ripples,Southwest,Clear,Dry,23.98,330.8,,19.25,1.97,6.66,79.1,6.84,46.84,1,1,0,
434,8/8/2017,13:52,Wildlands,Interior(LHTR/FLUX),0.41,Flood,Plankton/LF net,WLD02,38.3339,-121.6711,1-5 -- light ripples,Southwest,Clear,Dry,23.736,291.9,,25.16,2.55,10.54,77.6,6.98,40.07,1,1,0,"#NO SALINITY PROBE
"
433,8/8/2017,7:56,Wildlands,Interior(LHTR/FLUX),0.78,Ebb,Plankton/LF net,WLD07,38.32462,-121.6757,0-1 -- glassy,N/A,Clear,Dry,21.97,221.8,0.1,21.71,2.58,6.48,74,7.42,34.5,1,1,0,
432,8/8/2017,7:45,Wildlands,Interior(LHTR/FLUX),0.77,Ebb,Plankton/LF net,WLD06,38.32592,-121.6757,0-1 -- glassy,N/A,Clear,Dry,22.06,214.5,0.1,20.76,2.53,6.56,75.1,7.44,33.36,1,1,0,
431,8/8/2017,7:33,Wildlands,Interior(LHTR/FLUX),0.77,Ebb,Plankton/LF net,WLD05,38.32707,-121.6727,0-1 -- glassy,N/A,Clear,Dry,22.02,211.2,0.1,19.27,2.54,6.62,75.8,7.44,33.23,1,1,0,
430,8/8/2017,7:22,Wildlands,Interior(LHTR/FLUX),0.77,Ebb,Plankton/LF net,WLD04,38.32857,-121.6729,0-1 -- glassy,N/A,Clear,Dry,22.169,210.8,0.1,19.04,2.46,6.69,76.8,7.45,32.61,1,1,0,
429,8/8/2017,7:09,Wildlands,Interior(LHTR/FLUX),0.78,Ebb,Plankton/LF net,WLD03,38.33033,-121.6711,0-1 -- glassy,N/A,Clear,Dry,22.2,211,0.1,19.15,2.44,6.77,77.8,7.48,32.83,1,1,0,
428,8/8/2017,6:55,Wildlands,Interior(LHTR/FLUX),0.77,Ebb,Plankton/LF net,WLD02,38.33385,-121.6714,0-1 -- glassy,N/A,Clear,Dry,22.171,208.7,0.1,18.43,2.31,6.75,77.6,7.47,32.65,1,1,0,
427,8/8/2017,1:44,Wildlands,Interior(LHTR/FLUX),0.55,Flood,Plankton/LF net,WLD07,38.32462,-121.6757,1-5 -- light ripples,West,Clear,Dry,21.609,338,0.16,24.09,2.72,4.11,46.7,7.1,56.4,1,1,0,
426,8/8/2017,1:32,Wildlands,Interior(LHTR/FLUX),0.58,Flood,Plankton/LF net,WLD06,38.32585,-121.6757,1-5 -- light ripples,West,Clear,Dry,21.678,337.1,0.16,22.35,2.57,4.22,48.1,7.11,55.54,1,1,0,
425,8/8/2017,1:19,Wildlands,Interior(LHTR/FLUX),0.5,Flood,Plankton/LF net,WLD05,38.32705,-121.6727,5-10 -- small waves,West,Clear,Dry,21.862,319.5,0.15,22.96,2.68,4.77,54.5,7.14,50.2,1,1,0,
424,8/8/2017,1:06,Wildlands,Interior(LHTR/FLUX),0.84,Flood,Plankton/LF net,WLD04,38.3286,-121.6728,5-10 -- small waves,West,Clear,Dry,22.048,328.4,0.15,21.99,2.25,5.35,61.3,7.19,48.46,1,1,0,
423,8/8/2017,0:52,Wildlands,Interior(LHTR/FLUX),0.84,Flood,Plankton/LF net,WLD03,38.33035,-121.6711,5-10 -- small waves,West,Clear,Dry,22.52,283.4,0.13,25.91,2.72,6.32,73.1,7.31,40.78,1,1,0,
422,8/8/2017,0:36,Wildlands,Interior(LHTR/FLUX),0.88,Flood,Plankton/LF net,WLD02,38.33383,-121.6713,5-10 -- small waves,West,Clear,Dry,22.046,246.1,0.12,35.03,2.51,6.19,70.9,7.32,34.85,1,1,0,
421,8/1/2017,16:27,Wildlands,Interior(LHTR/FLUX),,Ebb,Plankton/LF net,WLD06,38.32593,-121.6757,1-5 -- light ripples,N/A,Clear,Dry,24.739,302.3,,16.91,3.57,6.46,77.3,7.04,43.85,1,0,0,"#NO SALINITY PROBE
#BILL'S BOAT"
420,8/1/2017,16:15,Wildlands,Interior(LHTR/FLUX),,Ebb,Plankton/LF net,WLD05,38.32705,-121.6728,1-5 -- light ripples,N/A,Clear,Dry,24.241,341.6,,17.81,3.68,6.68,80.4,5.4,44.02,1,0,0,#NO SALINITY PROBE
419,8/1/2017,15:58,Wildlands,Interior(LHTR/FLUX),,Ebb,Plankton/LF net,WLD04,38.32855,-121.673,1-5 -- light ripples,Southwest,Clear,Dry,25.701,288,,21.68,6.84,7.48,91.7,7.27,37.18,1,0,0,
418,8/1/2017,15:45,Wildlands,Interior(LHTR/FLUX),,Ebb,Plankton/LF net,WLD03,38.33048,-121.6712,1-5 -- light ripples,Southwest,Clear,Dry,26.3,256.6,,21.98,4.71,7.65,94.9,7.41,32.29,1,0,0,"#NO SALINITY PROBE
#BILL'S BOAT"
417,8/1/2017,15:28,Wildlands,Interior(LHTR/FLUX),,Ebb,Plankton/LF net,WLD02,38.33392,-121.671,1-5 -- light ripples,Southwest,Clear,Dry,25.59,242.4,,20.72,4.24,7.15,86.7,7.43,29.19,1,0,0,"#NO SALINITY PROBE
#BILL'S BOAT"
416,8/1/2017,10:14,Wildlands,Interior(LHTR/FLUX),,Ebb,Plankton/LF net,WLD06,38.32597,-121.6756,1-5 -- light ripples,Southwest,Clear,Dry,21.391,382.3,,23.95,3.42,4.61,52.2,7.07,56.47,1,0,0,"#NO SALINITY PROBE
#BILL'S BOAT"
415,8/1/2017,10:00,Wildlands,Interior(LHTR/FLUX),,Ebb,Plankton/LF net,WLD05,38.3271,-121.6728,1-5 -- light ripples,Southwest,Clear,Dry,21.654,369.8,,34.8,4.4,5.43,61.7,7.12,37.09,1,0,0,
414,8/1/2017,9:40,Wildlands,Interior(LHTR/FLUX),,Ebb,Plankton/LF net,WLD04,38.32853,-121.673,1-5 -- light ripples,Southwest,Clear,Dry,21.558,352.9,,22.7,3.04,5.19,59.6,7.11,50.52,1,0,0,"#NO SALINITY PROBE
#BILL'S BOAT"
413,8/1/2017,9:29,Wildlands,Interior(LHTR/FLUX),,Ebb,Plankton/LF net,WLD03,38.33052,-121.6712,1-5 -- light ripples,Southwest,Clear,Dry,21.915,332.2,,20.83,4.83,5.5,62.8,7.22,46.54,1,0,0,"#NO SALINITY PROBE
#BILL'S BOAT"
412,8/1/2017,9:10,Wildlands,Interior(LHTR/FLUX),,Ebb,Plankton/LF net,WLD02,38.3339,-121.67112,1-5 -- light ripples,Southwest,Clear,Dry,22.045,292.2,,34.69,4.51,5.72,65.4,7.25,27.89,1,0,0,"#NO SALINITY PROBE
#BILL'S BOAT"
411,8/1/2017,3:15,Wildlands,Interior(LHTR/FLUX),1.11,Ebb,Plankton/LF net,WLD07,38.3246,-121.6757,0-1 -- glassy,N/A,Clear,Dry,23.678,252.5,,24.68,3.52,6.5,76.8,7.43,35.31,1,0,0,
410,8/1/2017,3:02,Wildlands,Interior(LHTR/FLUX),1.14,Ebb,Plankton/LF net,WLD06,38.32592,-121.6757,0-1 -- glassy,N/A,Clear,Dry,23.717,253.2,,19.2,3.57,6.56,77.5,7.42,36.68,1,0,0,
409,8/1/2017,2:49,Wildlands,Interior(LHTR/FLUX),1.14,Ebb,Plankton/LF net,WLD05,38.32705,-121.6728,0-1 -- glassy,N/A,Clear,Dry,23.761,244.4,,20.68,4.28,6.73,79.7,7.46,35.31,1,0,0,
408,8/1/2017,2:37,Wildlands,Interior(LHTR/FLUX),1.14,Ebb,Plankton/LF net,WLD04,38.32858,-121.6728,0-1 -- glassy,N/A,Clear,Dry,24.004,241.4,,18.51,3.85,6.85,81.6,7.49,34.83,1,0,0,
407,8/1/2017,2:23,Wildlands,Interior(LHTR/FLUX),1.14,High slack,Plankton/LF net,WLD03,38.33028,-121.671,0-1 -- glassy,N/A,Clear,Dry,24.087,242.2,,21.45,4.11,6.97,82.9,7.52,34.2,1,0,0,
406,8/1/2017,2:06,Wildlands,Interior(LHTR/FLUX),1.24,High slack,Plankton/LF net,WLD02,38.33388,-121.6713,0-1 -- glassy,N/A,Clear,Dry,24.29,232.9,,18,3.78,7.24,86.4,7.55,32.29,1,0,0,
405,7/31/2017,23:47,Wildlands,Interior(LHTR/FLUX),1.13,Flood,Plankton/LF net,WLD07,38.32455,-121.6757,0-1 -- glassy,N/A,Clear,Dry,24.346,260.2,,30.78,3.9,7.34,87.8,7.45,33.17,1,0,0,
404,7/31/2017,18:50,Wildlands,Interior(LHTR/FLUX),0.96,Low slack,Plankton/LF net,WLD06,38.32588,-121.6757,0-1 -- glassy,N/A,Clear,Dry,25.12,384.9,,18.12,3.1,5.02,60.9,7.08,54.97,1,0,0,
403,7/31/2017,18:35,Wildlands,Interior(LHTR/FLUX),0.81,Low slack,Plankton/LF net,WLD05,38.32705,-121.6727,0-1 -- glassy,N/A,Clear,Dry,25.19,430.1,,17.14,3.25,7.37,89.5,6.97,52.19,1,0,0,
402,7/31/2017,18:25,Wildlands,Interior(LHTR/FLUX),0.95,Low slack,Plankton/LF net,WLD04,38.32857,-121.6729,0-1 -- glassy,N/A,Clear,Dry,25.62,413.5,,14.62,4.49,7.73,94.8,7.07,51.06,1,0,0,
401,7/31/2017,18:12,Wildlands,Interior(LHTR/FLUX),0.92,Low slack,Plankton/LF net,WLD03,38.33018,-121.671,0-1 -- glassy,N/A,Clear,Dry,25.23,319.1,,22.57,6.68,7.8,94.4,7.3,38.17,1,0,0,
400,7/31/2017,17:54,Wildlands,Interior(LHTR/FLUX),0.87,Ebb,Plankton/LF net,WLD02,38.33375,-121.6714,0-1 -- glassy,N/A,Clear,Dry,24.37,289.8,,26.02,4.28,6.82,80.5,7.25,35.15,1,0,0,
366,4/26/2018,11:12,Little Holland Tract,Interior(LHTR/FLUX),,Low slack,Plankton/LF net,LHTinterior,,,5-10 -- small waves,Southwest,Clear,Dry,17.36,433.3,0.21,21.15,0.65,9.8,102.3,8.53,15.53,1,1,0,
365,4/26/2018,11:04,Little Holland Tract,Interior(LHTR/FLUX),,Low slack,Plankton/LF net,LHTinterior,,,5-10 -- small waves,Southwest,Clear,Dry,17.36,433.3,0.21,21.15,0.65,9.8,102.3,8.53,15.53,1,1,0,
364,4/26/2018,10:55,Little Holland Tract,Interior(LHTR/FLUX),,Low slack,Plankton/LF net,LHTinterior,38.29563,-121.66256,5-10 -- small waves,Southwest,Clear,Dry,17.36,433.3,0.21,21.15,0.65,9.8,102.3,8.53,15.53,1,1,0,
363,4/26/2018,10:45,Little Holland Tract,Breach(LHTR/FLUX),,Low slack,Plankton/LF net,LHTsouth,38.29045,-121.6625,5-10 -- small waves,West,Clear,Dry,17.2,428,0.21,35.12,0.66,9.12,94.8,8.43,14.66,1,1,0,
362,4/26/2018,10:40,Little Holland Tract,Breach(LHTR/FLUX),,Low slack,Plankton/LF net,LHTsouth,38.29045,-121.6625,5-10 -- small waves,West,Clear,Dry,17.2,428,0.21,35.12,0.66,9.12,94.8,8.43,14.66,1,1,0,
361,4/26/2018,10:32,Little Holland Tract,Breach(LHTR/FLUX),,Low slack,Plankton/LF net,LHTsouth,38.29045,-121.6625,5-10 -- small waves,West,Clear,Dry,17.2,428,0.21,35.12,0.66,9.12,94.8,8.43,14.66,1,1,0,
360,4/26/2018,5:02,Little Holland Tract,Interior(LHTR/FLUX),,Ebb,Plankton/LF net,LHTinterior,,,5-10 -- small waves,West,Clear,Dry,,,,,,,,,,1,1,0,
359,4/26/2018,4:56,Little Holland Tract,Interior(LHTR/FLUX),,Ebb,Plankton/LF net,LHTinterior,,,5-10 -- small waves,West,Clear,Dry,,,,,,,,,,1,1,0,
358,4/26/2018,4:50,Little Holland Tract,Interior(LHTR/FLUX),,Ebb,Plankton/LF net,LHTinterior,,,5-10 -- small waves,West,Clear,Dry,18.32,361,0.17,18.56,0.43,9.2,98,8.55,39.48,1,1,0,
357,4/26/2018,4:33,Little Holland Tract,Breach(LHTR/FLUX),,High slack,Plankton/LF net,LHTsouth,38.29045,-121.6625,5-10 -- small waves,West,Clear,Dry,,,,,,,,,,1,1,0,
356,4/26/2018,4:27,Little Holland Tract,Breach(LHTR/FLUX),,High slack,Plankton/LF net,LHTsouth,38.29045,-121.6625,5-10 -- small waves,West,Clear,Dry,,,,,,,,,,1,1,0,
355,4/26/2018,4:16,Little Holland Tract,Breach(LHTR/FLUX),,High slack,Plankton/LF net,LHTsouth,38.29045,-121.6625,5-10 -- small waves,West,Clear,Dry,18.27,284.9,0.14,19.24,0.55,9.4,99.9,8.6,30.37,1,1,0,
354,4/25/2018,22:44,Little Holland Tract,Interior(LHTR/FLUX),,Flood,Plankton/LF net,LHTinterior,,,5-10 -- small waves,West,Clear,Dry,,,,,,,,,,1,1,0,
353,4/25/2018,22:37,Little Holland Tract,Interior(LHTR/FLUX),,Flood,Plankton/LF net,LHTinterior,,,5-10 -- small waves,West,Clear,Dry,,,,,,,,,,1,1,0,
352,4/25/2018,22:29,Little Holland Tract,Interior(LHTR/FLUX),,Flood,Plankton/LF net,LHTinterior,,,5-10 -- small waves,West,Clear,Dry,18.59,453,0.22,58.94,1.18,10.19,109.5,9.25,38.18,1,1,0,
351,4/25/2018,22:17,Little Holland Tract,Breach(LHTR/FLUX),,Flood,Plankton/LF net,LHTsouth,38.29045,-121.6625,5-10 -- small waves,West,Clear,Dry,,,,,,,,,,1,1,0,
350,4/25/2018,22:10,Little Holland Tract,Breach(LHTR/FLUX),,Flood,Plankton/LF net,LHTsouth,38.29045,-121.6625,5-10 -- small waves,West,Clear,Dry,,,,,,,,,,1,1,0,
349,4/25/2018,22:01,Little Holland Tract,Breach(LHTR/FLUX),,Flood,Plankton/LF net,LHTsouth,38.29045,-121.6625,5-10 -- small waves,West,Clear,Dry,20.15,512.6,0.22,32.58,1.43,9.48,103.6,8.54,50.73,1,1,0,
348,4/25/2018,15:53,Little Holland Tract,Interior(LHTR/FLUX),,Ebb,Plankton/LF net,LHTinterior,,,1-5 -- light ripples,Southeast,Clear,Dry,21.44,418,0.2,7.82,0.35,12.91,145.6,8.89,16.42,1,1,0,
347,4/25/2018,15:46,Little Holland Tract,Interior(LHTR/FLUX),,Ebb,Plankton/LF net,LHTinterior,,,1-5 -- light ripples,Southwest,Clear,Dry,21.44,418,0.2,4.82,0.35,12.91,145.6,8.89,16.42,1,1,0,
346,4/25/2018,15:38,Little Holland Tract,Interior(LHTR/FLUX),,Ebb,Plankton/LF net,LHTinterior,38.3076,-121.6596,1-5 -- light ripples,Southwest,Clear,Dry,21.44,418,0.2,4.82,0.35,12.91,145.6,8.89,16.42,1,1,0,
345,4/25/2018,15:21,Little Holland Tract,Breach(LHTR/FLUX),,Ebb,Plankton/LF net,LHTsouth,38.29045,-121.6625,1-5 -- light ripples,Southwest,Clear,Steady Rain,19.8,319.6,0.15,5.75,0.35,9.81,107.7,8.59,12.07,1,1,0,
344,4/25/2018,15:13,Little Holland Tract,Breach(LHTR/FLUX),,Ebb,Plankton/LF net,LHTsouth,38.29045,-121.6625,1-5 -- light ripples,Southwest,Clear,Dry,19.8,319.6,0.15,5.75,0.35,9.81,107.7,8.59,12.07,1,1,0,
343,4/25/2018,15:02,Little Holland Tract,Breach(LHTR/FLUX),,Ebb,Plankton/LF net,LHTsouth,38.29045,-121.6625,1-5 -- light ripples,Southwest,Clear,Dry,19.8,319.6,0.15,5.75,0.35,9.81,107.7,8.59,12.07,1,1,0,
342,4/20/2018,9:49,Little Holland Tract,Interior(LHTR/FLUX),,Ebb,Plankton/LF net,LHTinterior,,,1-5 -- light ripples,N/A,Clear,Dry,15.97,453,0.22,8.44,0.64,9.24,93.6,8.2,59.87,1,1,0,
341,4/20/2018,9:38,Little Holland Tract,Interior(LHTR/FLUX),,Ebb,Plankton/LF net,LHTinterior,,,1-5 -- light ripples,N/A,Clear,Dry,15.94,446,0.22,8.44,0.61,9.26,93.8,8.21,59.55,1,1,0,
340,4/20/2018,9:29,Little Holland Tract,Interior(LHTR/FLUX),,Ebb,Plankton/LF net,LHTinterior,38.30752,-121.6594,1-5 -- light ripples,N/A,Clear,Dry,15.91,442,0.21,8.28,0.67,9.29,94,8.22,58.71,1,1,0,
339,4/20/2018,9:08,Little Holland Tract,Breach(LHTR/FLUX),,High slack,Plankton/LF net,LHTsouth,38.29045,-121.6625,1-5 -- light ripples,N/A,Clear,Dry,15.23,327,0.16,7.35,0.61,9.64,96.2,8.19,44.29,1,1,0,
338,4/20/2018,8:59,Little Holland Tract,Breach(LHTR/FLUX),,High slack,Plankton/LF net,LHTsouth,38.29045,-121.6625,1-5 -- light ripples,N/A,Clear,Dry,15.22,328,0.16,7.42,0.56,9.63,96.1,8.19,44.86,1,1,0,
337,4/20/2018,8:53,Little Holland Tract,Breach(LHTR/FLUX),,High slack,Plankton/LF net,LHTsouth,38.29045,-121.6625,1-5 -- light ripples,N/A,Clear,Dry,15.3,388,0.16,7.6,0.55,9.63,96.3,8.24,46.57,1,1,0,
336,4/20/2018,3:33,Little Holland Tract,Interior(LHTR/FLUX),,Low slack,Plankton/LF net,LHTinterior,,,0-1 -- glassy,N/A,Clear,Dry,15.538,525.6,0.26,13.36,0.88,8.78,88.4,8.19,67.41,1,1,0,
335,4/20/2018,3:22,Little Holland Tract,Interior(LHTR/FLUX),,Low slack,Plankton/LF net,LHTinterior,,,0-1 -- glassy,N/A,Clear,Dry,15.515,523.3,0.25,13.23,0.78,8.79,88.2,8.21,68.04,1,1,0,
334,4/20/2018,3:14,Little Holland Tract,Interior(LHTR/FLUX),,Low slack,Plankton/LF net,LHTinterior,,,0-1 -- glassy,N/A,Clear,Dry,15.683,526.7,0.26,13.11,0.92,8.69,87.6,8.2,67.66,1,1,0,
333,4/20/2018,4:04,Little Holland Tract,Breach(LHTR/FLUX),,Flood,Plankton/LF net,LHTsouth,38.29045,-121.6625,0-1 -- glassy,N/A,Clear,Dry,15.667,481.7,0.23,10.83,0.9,9.08,91.4,8.19,64.21,1,1,0,
332,4/20/2018,3:56,Little Holland Tract,Breach(LHTR/FLUX),,Low slack,Plankton/LF net,LHTsouth,38.29045,-121.6625,0-1 -- glassy,N/A,Clear,Dry,15.9,509.7,0.23,14.24,1.19,8.87,89.8,8.11,64.21,1,1,0,
331,4/20/2018,3:47,Little Holland Tract,Breach(LHTR/FLUX),,Low slack,Plankton/LF net,LHTsouth,38.29045,-121.6625,0-1 -- glassy,N/A,Clear,Dry,15.765,496.4,0.24,13.35,1.04,9.06,91.5,8.16,65.16,1,1,0,
330,4/19/2018,22:18,Little Holland Tract,Interior(LHTR/FLUX),,High slack,Plankton/LF net,LHTinterior,,,1-5 -- light ripples,West,Clear,Dry,16.25,472,0.23,9.3,0.76,9.88,100.8,8.3,63.83,1,1,0,
329,4/19/2018,22:12,Little Holland Tract,Interior(LHTR/FLUX),,High slack,Plankton/LF net,LHTinterior,,,1-5 -- light ripples,West,Clear,Dry,16.246,470.4,0.23,8.44,0.67,9.86,100.7,8.3,63.9,1,1,0,
328,4/19/2018,22:04,Little Holland Tract,Interior(LHTR/FLUX),,High slack,Plankton/LF net,LHTinterior,,,1-5 -- light ripples,West,Clear,Dry,16.26,468.8,0.23,9.02,0.72,9.83,100.3,8.29,63.01,1,1,0,
327,4/19/2018,23:05,Little Holland Tract,Breach(LHTR/FLUX),,Ebb,Plankton/LF net,LHTsouth,38.29045,-121.6625,1-5 -- light ripples,West,Clear,Dry,15.904,380.2,0.18,9.05,0.62,10.12,102.5,8.38,51.41,1,1,0,
326,4/19/2018,22:58,Little Holland Tract,Breach(LHTR/FLUX),,Ebb,Plankton/LF net,LHTsouth,38.29045,-121.6625,1-5 -- light ripples,West,Clear,Dry,15.686,386.4,0.18,9.13,0.59,10.16,102.6,8.38,49.66,1,1,0,
325,4/19/2018,22:49,Little Holland Tract,Breach(LHTR/FLUX),,Ebb,Plankton/LF net,LHTsouth,38.29045,-121.6625,1-5 -- light ripples,West,Clear,Dry,15.893,373.3,0.18,7.86,0.54,10.12,103,8.36,51.9,1,1,0,
324,4/19/2018,17:42,Little Holland Tract,Interior(LHTR/FLUX),0.5,Flood,Plankton/LF net,LHTinterior,,,1-5 -- light ripples,North,Clear,Dry,17.75,553,0.27,27.25,2.58,10.1,106.3,8.19,57.56,1,1,0,
323,4/19/2018,17:32,Little Holland Tract,Interior(LHTR/FLUX),0.7,Flood,Plankton/LF net,LHTinterior,,,1-5 -- light ripples,North,Clear,Dry,17.6,562,0.27,29.5,2.82,9.8,102.6,8.13,64.29,1,1,0,
322,4/19/2018,17:20,Little Holland Tract,Interior(LHTR/FLUX),1,Flood,Plankton/LF net,LHTinterior,38.29542,-121.6622,1-5 -- light ripples,N/A,Clear,Dry,18.84,525,0.25,73.8,1.75,11.48,123.5,8.53,49.45,1,1,0,
321,4/19/2018,17:02,Little Holland Tract,Breach(LHTR/FLUX),1,Flood,Plankton/LF net,LHTsouth,38.29045,-121.6625,1-5 -- light ripples,N/A,Clear,Dry,17.38,573,0.28,21.9,4.67,9.19,96.1,7.99,67.89,1,1,0,
320,4/19/2018,16:49,Little Holland Tract,Breach(LHTR/FLUX),0.9,Flood,Plankton/LF net,LHTsouth,38.29045,-121.6625,1-5 -- light ripples,N/A,Clear,Dry,17.59,562,0.27,24.9,3.65,9.33,100.7,8.09,65.5,1,1,0,
319,4/19/2018,16:36,Little Holland Tract,Breach(LHTR/FLUX),0.9,Flood,Plankton/LF net,LHTsouth,38.29045,-121.6625,1-5 -- light ripples,N/A,Clear,Dry,18.66,522,0.25,53.16,1.13,11.9,131.9,8.52,51.9,1,1,0,
318,8/8/2017,21:16,Little Holland Tract,Interior(LHTR/FLUX),,High slack,Plankton/LF net,LHTinterior,38.321535,-121.656378,5-10 -- small waves,Southwest,Clear,Dry,24.26,179.5,,17.53,1.39,9.13,108.9,8.72,22.11,1,1,0,"#NO SALINITY PROBE
#LOW TIDE BOAT"
317,8/8/2017,20:25,Little Holland Tract,Interior(LHTR/FLUX),,High slack,Plankton/LF net,LHTinterior,38.295166,-121.662651,5-10 -- small waves,Southwest,Clear,Dry,22.14,146.4,,7.67,1.29,8.52,97.7,8.06,16.9,1,1,0,"#NO SALINITY PROBE
#LOW TIDE BOAT"
316,8/8/2017,20:09,Little Holland Tract,Breach(LHTR/FLUX),,High slack,Plankton/LF net,LHTsouth,38.29045,-121.6625,5-10 -- small waves,Southwest,Clear,Dry,22.3,145.2,,7.86,1.25,8.58,98.8,8.03,16.42,1,1,0,"#NO SALINITY PROBE
#LOW TIDE BOAT"
315,8/8/2017,14:35,Little Holland Tract,Interior(LHTR/FLUX),,Low slack,Plankton/LF net,LHTinterior,38.296426,-121.662513,5-10 -- small waves,Southwest,Clear,Dry,24.78,178.9,,21.83,1.43,10.53,128.6,8.89,21.57,1,1,0,"#NO SALINITY PROBE
#LOW TIDE BOAT"
314,8/8/2017,14:10,Little Holland Tract,Breach(LHTR/FLUX),,Low slack,Plankton/LF net,LHTsouth,38.29045,-121.6625,5-10 -- small waves,Southwest,Clear,Dry,24.18,178.4,,25.2,1.59,9.55,121,9,22.38,1,1,0,"#NO SALINITY PROBE
#LOW TIDE BOAT"
313,8/8/2017,7:29,Little Holland Tract,Interior(LHTR/FLUX),1.2,Ebb,Plankton/LF net,LHTinterior,38.3226,-121.655,1-5 -- light ripples,N/A,Clear,Dry,20.3,166.1,,15.71,3.98,8.07,89.4,8.05,22.05,1,1,0,"#NO SALINITY PROBE
#LHT SOUTH EAST
#LOW TIDE BOAT"
312,8/8/2017,7:13,Little Holland Tract,Interior(LHTR/FLUX),1.5,Ebb,Plankton/LF net,LHTinterior,38.31393,-121.6579,1-5 -- light ripples,N/A,Clear,Dry,20.72,162,,10.78,1.53,8.04,89.6,8.1,22.27,1,1,0,"#NO SALINITY PROBE
#LHT SOUTH EAST
#LOW TIDE BOAT"
311,8/8/2017,6:44,Little Holland Tract,Breach(LHTR/FLUX),,Ebb,Plankton/LF net,LHTsouth,38.29045,-121.6625,"15-20 -- large waves, frequent whitecaps",N/A,Clear,Dry,21.44,144.7,,10.55,1.34,8.06,91.2,7.95,17.73,1,1,0,"#NO SALINITY PROBE
#LHT SOUTH EAST
#LOW TIDE BOAT"
310,8/8/2017,1:24,Little Holland Tract,Interior(LHTR/FLUX),0.52,Flood,Plankton/LF net,LHTinterior,38.31422,-121.6577,"10-15 -- moderate waves, occasional whitecaps",N/A,Clear,Dry,22.27,180.4,,22.44,1.55,8.2,94.3,8.7,24.16,1,1,0,"#NO SALINITY PROBE
#LHT SOUTH EAST
#LOW TIDE BOAT"
309,8/8/2017,1:04,Little Holland Tract,Interior(LHTR/FLUX),0.31,Flood,Plankton/LF net,LHTinterior,38.323,-121.6559,"10-15 -- moderate waves, occasional whitecaps",N/A,Clear,Dry,22.74,187.4,,34.41,1.87,8.21,95.3,8.36,22.73,0,1,0,"#NO SALINITY PROBE
#NO ZOOP SAMPLE TAKEN, SHALLOW.
#LOW TIDE BOAT"
308,8/8/2017,0:22,Little Holland Tract,Breach(LHTR/FLUX),,Ebb,Plankton/LF net,LHTsouth,38.29045,-121.6625,"10-15 -- moderate waves, occasional whitecaps",N/A,Clear,Dry,21.01,162.2,,17.99,1.44,8.15,91.2,8.04,20.35,1,1,0,
307,8/1/2017,14:37,Little Holland Tract,Interior(LHTR/FLUX),,Ebb,Plankton/LF net,LHTinterior,38.304566,-121.661163,0-1 -- glassy,Southwest,Clear,Dry,26.47,179.8,,9.86,1.28,10.57,126.7,9.01,20.76,1,0,0,
306,8/1/2017,14:07,Little Holland Tract,Breach(LHTR/FLUX),,High slack,Plankton/LF net,LHTsouth,38.29045,-121.6625,0-1 -- glassy,Southwest,Clear,Dry,24.05,159.4,,6.11,0.19,8.11,95.9,8.5,17.78,1,0,0,
305,8/1/2017,11:17,Little Holland Tract,Interior(LHTR/FLUX),1,Flood,Plankton/LF net,LHTinterior,38.304636,-121.661711,0-1 -- glassy,Southwest,Clear,Dry,23.71,187.1,0.09,43.33,2.11,8.01,94.6,8.85,17.13,1,0,0,
304,8/1/2017,9:20,Little Holland Tract,Breach(LHTR/FLUX),,Ebb,Plankton/LF net,LHTsouth,38.29045,-121.6625,0-1 -- glassy,Southwest,Clear,Dry,22.24,183.6,0.09,13.26,1.37,8.34,93.3,8.69,21.01,1,0,0,
303,8/1/2017,2:59,Little Holland Tract,Interior(LHTR/FLUX),,Ebb,Plankton/LF net,LHTinterior,38.32078,-121.6565,"10-15 -- moderate waves, occasional whitecaps",Southwest,Clear,Dry,23.43,180.2,0.08,14.02,3.81,8.49,99.8,8.78,21.72,1,0,0,
302,8/1/2017,2:16,Little Holland Tract,Breach(LHTR/FLUX),,Ebb,Plankton/LF net,LHTsouth,38.29045,-121.6625,"10-15 -- moderate waves, occasional whitecaps",Southwest,Clear,Dry,23.1,146.2,0.07,5.59,1.32,8.24,96.3,8.29,16.63,1,0,0,
301,7/31/2017,19:25,Little Holland Tract,Interior(LHTR/FLUX),,Low slack,Plankton/LF net,LHTinterior,38.30733,-121.6596,5-10 -- small waves,Southwest,Clear,Dry,26.07,190,0.09,26.26,1.91,9.71,120.2,9.37,22.26,1,0,0,
300,7/31/2017,18:33,Little Holland Tract,Breach(LHTR/FLUX),,Ebb,Plankton/LF net,LHTsouth,38.29045,-121.6625,5-10 -- small waves,Southwest,Clear,Dry,25.75,180.6,0.08,9.26,0.91,10.69,131.1,8.98,21.59,1,0,0,
194,4/26/2018,15:37,Little Holland Tract,Breach(LHTR/FLUX),1.8,Flood,Plankton/LF net,LHTnorth,38.335463,-121.658062,1-5 -- light ripples,West,Clear,Dry,19.45,542.3,0.26,11.21,3.12,7.84,85.4,8.22,62.78,1,1,1,
193,4/26/2018,15:18,Wildlands,Breach(LHTR/FLUX),2.9,Flood,Plankton/LF net,WLDbreach,38.335779,-121.671351,5-10 -- small waves,West,Clear,Dry,19.63,568.8,0.28,14.21,4.06,8.2,89.7,8.29,62.12,1,1,1,
192,4/26/2018,14:56,Little Holland Tract,Breach(LHTR/FLUX),1.5,Flood,Plankton/LF net,LHTnorth,38.335463,-121.658062,1-5 -- light ripples,West,Clear,Dry,19.42,522.4,0.27,12.2,3.15,7.91,86.1,8.24,63.04,1,1,1,
191,4/26/2018,14:37,Wildlands,Breach(LHTR/FLUX),2.8,Flood,Plankton/LF net,WLDbreach,38.335779,-121.671351,1-5 -- light ripples,West,Clear,Dry,19.5,566.5,0.27,15.47,3.51,8.1,88.4,8.27,62.67,1,1,1,
190,4/26/2018,14:08,Little Holland Tract,Breach(LHTR/FLUX),1.5,Flood,Plankton/LF net,LHTnorth,38.335463,-121.658062,1-5 -- light ripples,West,Clear,Dry,19.2,561.5,0.27,13.33,3.3,7.96,86.2,8.26,63.35,1,1,1,
189,4/26/2018,13:46,Wildlands,Breach(LHTR/FLUX),2.6,Flood,Plankton/LF net,WLDbreach,38.335779,-121.671351,1-5 -- light ripples,West,Clear,Dry,19.47,564.8,0.27,17.32,3.7,8.01,87.2,8.27,62.61,1,1,1,
188,4/26/2018,13:31,Little Holland Tract,Breach(LHTR/FLUX),1.9,Flood,Plankton/LF net,LHTnorth,38.335463,-121.658062,1-5 -- light ripples,West,Clear,Dry,18.89,569.5,0.28,15.48,3.61,8.07,86.9,8.24,63.38,1,1,1,
187,4/26/2018,13:05,Wildlands,Breach(LHTR/FLUX),2.3,Flood,Plankton/LF net,WLDbreach,38.335779,-121.671351,1-5 -- light ripples,West,Clear,Dry,19.24,567,0.28,15.62,3.35,7.97,86.4,8.28,62.83,1,1,1,
186,4/26/2018,12:52,Little Holland Tract,Breach(LHTR/FLUX),1,Flood,Plankton/LF net,LHTnorth,38.335463,-121.658062,1-5 -- light ripples,West,Clear,Dry,18.52,576,0.28,15.9,3.66,8.17,87.3,8.28,63.62,1,1,1,
185,4/26/2018,12:34,Wildlands,Breach(LHTR/FLUX),2.3,Flood,Plankton/LF net,WLDbreach,38.335779,-121.671351,5-10 -- small waves,West,Clear,Dry,18.8,571.8,0.28,17.39,3.68,7.92,85,8.22,63.01,1,1,1,
184,4/26/2018,12:08,Little Holland Tract,Breach(LHTR/FLUX),1.9,Flood,Plankton/LF net,LHTnorth,38.335463,-121.658062,1-5 -- light ripples,West,Clear,Dry,18.11,583,0.28,16.54,3.85,8.46,89.7,8.3,64.29,1,1,1,
183,4/26/2018,11:35,Wildlands,Breach(LHTR/FLUX),2.1,Flood,Plankton/LF net,WLDbreach,38.335779,-121.671351,1-5 -- light ripples,West,Clear,Dry,18.37,577.7,0.28,17.5,3.86,8.17,87,8.29,63.7,1,1,1,
182.3,4/26/2018,10:57,Little Holland Tract,Breach(LHTR/FLUX),1.8,Low slack,Plankton/LF net,LHTnorth,38.335463,-121.658062,1-5 -- light ripples,West,Clear,Dry,18.71,584,0.28,12.15,4.01,11.85,123.4,8.53,66,3,3,1,
182.2,4/26/2018,10:57,Little Holland Tract,Breach(LHTR/FLUX),1.8,Low slack,Plankton/LF net,LHTnorth,38.335463,-121.658062,1-5 -- light ripples,West,Clear,Dry,18.71,584,0.28,12.15,4.01,11.85,123.4,8.53,66,3,3,1,
182.1,4/26/2018,10:57,Little Holland Tract,Breach(LHTR/FLUX),1.8,Low slack,Plankton/LF net,LHTnorth,38.335463,-121.658062,1-5 -- light ripples,West,Clear,Dry,18.71,584,0.28,12.15,4.01,11.85,123.4,8.53,66,3,3,1,
181.3,4/26/2018,10:23,Wildlands,Breach(LHTR/FLUX),2,Ebb,Plankton/LF net,WLDbreach,38.335779,-121.671351,5-10 -- small waves,West,Clear,Dry,17.69,599,0.29,19.41,4.25,7.96,83.7,8.14,66.74,3,3,1,
181.2,4/26/2018,10:23,Wildlands,Breach(LHTR/FLUX),2,Ebb,Plankton/LF net,WLDbreach,38.335779,-121.671351,5-10 -- small waves,West,Clear,Dry,17.69,599,0.29,19.41,4.25,7.96,83.7,8.14,66.74,3,3,1,
181.1,4/26/2018,10:23,Wildlands,Breach(LHTR/FLUX),2,Ebb,Plankton/LF net,WLDbreach,38.335779,-121.671351,5-10 -- small waves,West,Clear,Dry,17.69,599,0.29,19.41,4.25,7.96,83.7,8.14,66.74,3,3,1,
180,4/26/2018,9:54,Little Holland Tract,Breach(LHTR/FLUX),1.6,Ebb,Plankton/LF net,LHTnorth,38.335463,-121.658062,5-10 -- small waves,West,Clear,Dry,16.98,584,0.29,22.51,4.05,9.88,107.6,8.48,67.42,1,1,1,
179,4/26/2018,9:29,Wildlands,Breach(LHTR/FLUX),1.9,Ebb,Plankton/LF net,WLDbreach,38.335779,-121.671351,5-10 -- small waves,West,Clear,Dry,17.59,598.7,0.29,18.17,3.91,8,84,8.15,67.48,1,1,1,
178,4/26/2018,8:59,Little Holland Tract,Breach(LHTR/FLUX),1.9,Ebb,Plankton/LF net,LHTnorth,38.335463,-121.658062,1-5 -- light ripples,North,Clear,Dry,16.46,587,0.29,16.63,4.03,8.55,87.5,8.31,65.77,1,1,1,
177,4/26/2018,8:21,Wildlands,Breach(LHTR/FLUX),2.3,Ebb,Plankton/LF net,WLDbreach,38.335779,-121.671351,1-5 -- light ripples,North,Clear,Dry,17.76,596.2,0.29,21.22,4.25,7.83,82.3,8.16,67.1,1,1,1,
176,4/26/2018,7:45,Little Holland Tract,Breach(LHTR/FLUX),2,Ebb,Plankton/LF net,LHTnorth,38.335463,-121.658062,5-10 -- small waves,North,Clear,Dry,16.95,581.2,0.28,11.38,4.11,7.43,77,8.23,67.58,1,1,1,
175,4/26/2018,6:53,Wildlands,Breach(LHTR/FLUX),2.5,Ebb,Plankton/LF net,WLDbreach,38.335779,-121.671351,5-10 -- small waves,Southwest,Clear,Dry,18.25,580,0.28,18.16,4.25,7.92,84.2,8.31,66.72,1,1,1,
174,4/26/2018,6:22,Little Holland Tract,Breach(LHTR/FLUX),2.8,Ebb,Plankton/LF net,LHTnorth,38.335463,-121.658062,5-10 -- small waves,Southwest,Clear,Dry,12.005,378.4,0.27,16.8,3.877,8.45,92.1,8.26,65.92,1,1,1,
173.3,4/26/2018,5:29,Wildlands,Breach(LHTR/FLUX),2.6,Ebb,Plankton/LF net,WLDbreach,38.335779,-121.671351,5-10 -- small waves,Southwest,Clear,Dry,19.14,571.4,0.28,17.62,4.2,8.19,88.6,8.33,65.98,3,3,1,
173.2,4/26/2018,5:29,Wildlands,Breach(LHTR/FLUX),2.6,Ebb,Plankton/LF net,WLDbreach,38.335779,-121.671351,5-10 -- small waves,Southwest,Clear,Dry,19.14,571.4,0.28,17.62,4.2,8.19,88.6,8.33,65.98,3,3,1,
173.1,4/26/2018,5:29,Wildlands,Breach(LHTR/FLUX),2.6,Ebb,Plankton/LF net,WLDbreach,38.335779,-121.671351,5-10 -- small waves,Southwest,Clear,Dry,19.14,571.4,0.28,17.62,4.2,8.19,88.6,8.33,65.98,3,3,1,
172.3,4/26/2018,4:16,Little Holland Tract,Breach(LHTR/FLUX),2.6,High slack,Plankton/LF net,LHTnorth,38.335463,-121.658062,5-10 -- small waves,Southwest,Clear,Dry,20.07,537,0.26,11.42,3.51,7.99,88.1,8.22,65.35,3,3,1,
172.2,4/26/2018,4:16,Little Holland Tract,Breach(LHTR/FLUX),2.6,High slack,Plankton/LF net,LHTnorth,38.335463,-121.658062,5-10 -- small waves,Southwest,Clear,Dry,20.07,537,0.26,11.42,3.51,7.99,88.1,8.22,65.35,3,3,1,
172.1,4/26/2018,4:16,Little Holland Tract,Breach(LHTR/FLUX),2.6,High slack,Plankton/LF net,LHTnorth,38.335463,-121.658062,5-10 -- small waves,Southwest,Clear,Dry,20.07,537,0.26,11.42,3.51,7.99,88.1,8.22,65.35,3,3,1,
171,4/26/2018,3:26,Little Holland Tract,Breach(LHTR/FLUX),1.5,Flood,Plankton/LF net,LHTnorth,38.335463,-121.658062,1-5 -- light ripples,Southwest,Clear,Dry,20.34,550.4,0.27,12.95,3.54,8.28,91.8,8.3,64.05,1,1,1,
170,4/26/2018,2:45,Wildlands,Breach(LHTR/FLUX),2.8,Flood,Plankton/LF net,WLDbreach,38.335779,-121.671351,"10-15 -- moderate waves, occasional whitecaps",Southwest,Clear,Dry,20.132,572.2,0.28,18,4.33,8.84,97.6,8.45,63.38,1,1,1,
169,4/26/2018,2:18,Little Holland Tract,Breach(LHTR/FLUX),1.8,Flood,Plankton/LF net,LHTnorth,38.335463,-121.658062,"10-15 -- moderate waves, occasional whitecaps",Southwest,Clear,Dry,20.65,564.4,0.27,14.16,3.71,9,100.1,8.43,63.9,1,1,1,
168,4/26/2018,1:49,Wildlands,Breach(LHTR/FLUX),1.7,Flood,Plankton/LF net,WLDbreach,38.335779,-121.671351,"10-15 -- moderate waves, occasional whitecaps",Southwest,Clear,Dry,20.38,569.1,0.28,16.11,3.89,8.66,96,8.37,63.9,1,1,1,
167,4/26/2018,1:23,Little Holland Tract,Breach(LHTR/FLUX),1.9,Flood,Plankton/LF net,LHTnorth,38.335463,-121.658062,"10-15 -- moderate waves, occasional whitecaps",Southwest,Clear,Dry,20.76,576.2,0.28,16.59,4.21,9.68,107.9,8.5,63.79,1,1,1,
166,4/26/2018,0:58,Wildlands,Breach(LHTR/FLUX),2.5,Flood,Plankton/LF net,WLDbreach,38.335779,-121.671351,"10-15 -- moderate waves, occasional whitecaps",Southwest,Clear,Dry,20.51,570.6,0.28,17.03,3.87,8.86,98.5,8.35,63.39,1,1,1,
165,4/26/2018,0:27,Little Holland Tract,Breach(LHTR/FLUX),4.8,Flood,Plankton/LF net,LHTnorth,38.335463,-121.658062,5-10 -- small waves,Southwest,Clear,Dry,20.58,583.2,0.28,19.43,4.96,9.32,103.8,8.56,63.82,1,1,1,
164,4/25/2018,23:52,Wildlands,Breach(LHTR/FLUX),2.2,Flood,Plankton/LF net,WLDbreach,38.335779,-121.671351,5-10 -- small waves,Southwest,Clear,Dry,20.6,577.3,0.28,22.75,4.11,9.35,104.1,8.51,62.75,1,1,1,
163.3,4/25/2018,22:09,Little Holland Tract,Breach(LHTR/FLUX),1.5,Flood,Plankton/LF net,LHTnorth,38.335463,-121.658062,"10-15 -- moderate waves, occasional whitecaps",West,Clear,Dry,20.2,602,0.29,17.9,5.75,8.1,87,8.48,68.8,3,3,1,
163.2,4/25/2018,22:09,Little Holland Tract,Breach(LHTR/FLUX),1.5,Flood,Plankton/LF net,LHTnorth,38.335463,-121.658062,"10-15 -- moderate waves, occasional whitecaps",West,Clear,Dry,20.2,602,0.29,17.9,5.75,8.1,87,8.48,68.8,3,3,1,
163.1,4/25/2018,22:09,Little Holland Tract,Breach(LHTR/FLUX),1.5,Flood,Plankton/LF net,LHTnorth,38.335463,-121.658062,"10-15 -- moderate waves, occasional whitecaps",West,Clear,Dry,20.2,602,0.29,17.9,5.75,8.1,87,8.48,68.8,3,3,1,
162,4/25/2018,21:48,Little Holland Tract,Breach(LHTR/FLUX),1.4,Low slack,Plankton/LF net,LHTnorth,38.335463,-121.658062,1-5 -- light ripples,West,Clear,Dry,20.82,609.9,0.3,20.61,7.54,7.76,86.9,8.18,63.61,1,1,1,
161.3,4/25/2018,20:35,Wildlands,Breach(LHTR/FLUX),1.7,Low slack,Plankton/LF net,WLDbreach,38.335779,-121.671351,5-10 -- small waves,West,Clear,Dry,20.7,616,0.3,16.8,4.29,8.19,91.6,8.11,65.533,1,1,1,
161.2,4/25/2018,20:35,Wildlands,Breach(LHTR/FLUX),1.7,Low slack,Plankton/LF net,WLDbreach,38.335779,-121.671351,5-10 -- small waves,West,Clear,Dry,20.7,616,0.3,16.8,4.29,8.19,91.6,8.11,65.533,1,1,1,
161.1,4/25/2018,20:35,Wildlands,Breach(LHTR/FLUX),1.7,Low slack,Plankton/LF net,WLDbreach,38.335779,-121.671351,5-10 -- small waves,West,Clear,Dry,20.7,616,0.3,16.8,4.29,8.19,91.6,8.11,65.533,1,1,1,
160,4/25/2018,20:09,Little Holland Tract,Breach(LHTR/FLUX),2.3,Ebb,Plankton/LF net,LHTnorth,38.335463,-121.658062,5-10 -- small waves,West,Clear,Dry,20.7,576.9,0.28,18.21,4.05,10.25,114.8,8.63,63.61,1,1,1,
159,4/25/2018,19:31,Wildlands,Breach(LHTR/FLUX),2,Ebb,Plankton/LF net,WLDbreach,38.335779,-121.671351,1-5 -- light ripples,West,Clear,Dry,21.1,603.4,0.29,15.59,3.75,8.3,93.4,8.1,65.4,1,1,1,
158,4/25/2018,19:04,Little Holland Tract,Breach(LHTR/FLUX),2.7,Ebb,Plankton/LF net,LHTnorth,38.335463,-121.658062,5-10 -- small waves,West,Clear,Dry,21.66,574,0.28,14.39,4.2,11.95,135.9,8.72,63.08,1,1,1,
157,4/25/2018,18:44,Wildlands,Breach(LHTR/FLUX),2.1,Ebb,Plankton/LF net,WLDbreach,38.335779,-121.671351,1-5 -- light ripples,West,Clear,Dry,21.3,590,0.29,14.84,3.79,8.3,93.9,8.19,65.08,1,1,1,
156,4/25/2018,18:21,Little Holland Tract,Breach(LHTR/FLUX),2.2,Ebb,Plankton/LF net,LHTnorth,38.335463,-121.658062,1-5 -- light ripples,West,Clear,Dry,21.8,571,0.28,13,4.45,11.89,143.1,8.67,64.43,1,1,1,
155,4/25/2018,17:57,Wildlands,Breach(LHTR/FLUX),2.3,Ebb,Plankton/LF net,WLDbreach,38.335779,-121.671351,1-5 -- light ripples,West,Clear,Dry,21.44,583.5,0.28,13.59,4.28,8.28,93.3,8.14,64.71,1,1,1,
154,4/25/2018,17:26,Little Holland Tract,Breach(LHTR/FLUX),2.7,Ebb,Plankton/LF net,LHTnorth,38.335463,-121.658062,1-5 -- light ripples,West,Clear,Dry,21.88,569.9,0.27,12.18,3.88,10.17,115.7,8.43,63.79,1,1,1,
153,4/25/2018,17:03,Wildlands,Breach(LHTR/FLUX),2.4,Ebb,Plankton/LF net,WLDbreach,38.335779,-121.671351,5-10 -- small waves,West,Clear,Dry,21.6,572,0.28,12.14,3.96,8.39,95.7,8.2,68.8,1,1,1,
152,4/25/2018,16:31,Little Holland Tract,Breach(LHTR/FLUX),2.9,Ebb,Plankton/LF net,LHTnorth,38.335463,-121.658062,1-5 -- light ripples,West,Clear,Dry,21.79,566.8,0.27,9.49,3.72,10.12,115.4,8.48,64.21,1,1,1,
151,4/25/2018,16:07,Wildlands,Breach(LHTR/FLUX),2.5,Ebb,Plankton/LF net,WLDbreach,38.335779,-121.671351,5-10 -- small waves,West,Clear,Dry,21.3,567,0.27,13.68,4.1,8.21,92.8,8.17,63.64,1,1,1,
150.3,4/25/2018,15:33,Little Holland Tract,Breach(LHTR/FLUX),2.2,Ebb,Plankton/LF net,LHTnorth,38.335463,-121.658062,1-5 -- light ripples,West,Clear,Dry,21.25,557,0.27,10.15,3.33,8.35,94.4,8.31,63.5,3,3,1,
150.2,4/25/2018,15:33,Little Holland Tract,Breach(LHTR/FLUX),2.2,Ebb,Plankton/LF net,LHTnorth,38.335463,-121.658062,1-5 -- light ripples,West,Clear,Dry,21.25,557,0.27,10.15,3.33,8.35,94.4,8.31,63.5,3,3,1,
150.1,4/25/2018,15:33,Little Holland Tract,Breach(LHTR/FLUX),2.2,Ebb,Plankton/LF net,LHTnorth,38.335463,-121.658062,1-5 -- light ripples,West,Clear,Dry,21.25,557,0.27,10.15,3.33,8.35,94.4,8.31,63.5,3,3,1,
149.3,4/25/2018,15:01,Wildlands,Breach(LHTR/FLUX),2.7,Ebb,Plankton/LF net,WLDbreach,38.335779,-121.671351,5-10 -- small waves,West,Clear,Dry,21.05,565,0.27,14.233,4.57,8.21,92.2,8.28,62.8,3,3,1,
149.2,4/25/2018,15:01,Wildlands,Breach(LHTR/FLUX),2.7,Ebb,Plankton/LF net,WLDbreach,38.335779,-121.671351,5-10 -- small waves,West,Clear,Dry,21.05,565,0.27,14.233,4.57,8.21,92.2,8.28,62.8,3,3,1,
149.1,4/25/2018,15:01,Wildlands,Breach(LHTR/FLUX),2.7,Ebb,Plankton/LF net,WLDbreach,38.335779,-121.671351,5-10 -- small waves,West,Clear,Dry,21.05,565,0.27,14.233,4.57,8.21,92.2,8.28,62.8,3,3,1,
148,4/20/2018,15:46,Wildlands,Breach(LHTR/FLUX),1.6,Low slack,Plankton/LF net,WLDbreach,38.335779,-121.671351,0-1 -- glassy,N/A,Clear,Dry,19.31,616,0.3,12.17,4.58,9.2,99.7,7.87,68.82,1,1,1,
147,4/20/2018,15:21,Little Holland Tract,Breach(LHTR/FLUX),2,Low slack,Plankton/LF net,LHTnorth,38.335463,-121.658062,0-1 -- glassy,N/A,Clear,Dry,19.19,595.1,0.28,13.19,5.43,14.35,159.2,8.63,71.48,1,1,1,
146,4/20/2018,14:50,Wildlands,Breach(LHTR/FLUX),1.8,Ebb,Plankton/LF net,WLDbreach,38.335779,-121.671351,0-1 -- glassy,N/A,Clear,Dry,18.54,593,0.29,13.29,4.07,8.71,92.3,7.92,68.85,1,1,1,
145,4/20/2018,14:16,Little Holland Tract,Breach(LHTR/FLUX),2.6,Ebb,Plankton/LF net,LHTnorth,38.335463,-121.658062,0-1 -- glassy,N/A,Clear,Dry,19.31,567.6,0.28,13.17,4.49,13.92,151.9,8.53,73.06,1,1,1,
144,4/20/2018,13:53,Wildlands,Breach(LHTR/FLUX),1.9,Ebb,Plankton/LF net,WLDbreach,38.335779,-121.671351,0-1 -- glassy,N/A,Clear,Dry,17.78,579.9,0.28,12.53,4.15,8.28,87,7.91,71.65,1,1,1,
143,4/20/2018,13:25,Little Holland Tract,Breach(LHTR/FLUX),2.5,Ebb,Plankton/LF net,LHTnorth,38.335463,-121.658062,0-1 -- glassy,N/A,Clear,Dry,18.23,566.8,0.28,12.72,4.75,12.07,128.3,8.35,73.8,1,1,1,
142,4/20/2018,13:00,Wildlands,Breach(LHTR/FLUX),2.1,Ebb,Plankton/LF net,WLDbreach,38.335779,-121.671351,0-1 -- glassy,N/A,Clear,Dry,16.46,576.4,0.28,12.45,4.29,8.05,82.4,7.97,72.98,1,1,1,
141,4/20/2018,12:37,Little Holland Tract,Breach(LHTR/FLUX),2,Ebb,Plankton/LF net,LHTnorth,38.335463,-121.658062,0-1 -- glassy,N/A,Clear,Dry,17.51,561.8,0.27,11.2,3.85,10.76,113.6,8.24,74.96,1,1,1,
140,4/20/2018,12:13,Wildlands,Breach(LHTR/FLUX),2.4,Ebb,Plankton/LF net,WLDbreach,38.335779,-121.671351,0-1 -- glassy,N/A,Clear,Dry,16.72,562,0.27,13.05,4.44,7.99,81.7,7.91,73.87,1,1,1,
139,4/20/2018,11:49,Little Holland Tract,Breach(LHTR/FLUX),2.7,Ebb,Plankton/LF net,LHTnorth,38.335463,-121.658062,0-1 -- glassy,N/A,Clear,Dry,16.61,556.2,0.27,10.98,3.9,9.33,96.5,8.05,74.92,1,1,1,
138,4/20/2018,11:27,Wildlands,Breach(LHTR/FLUX),2.4,Ebb,Plankton/LF net,WLDbreach,38.335779,-121.671351,0-1 -- glassy,N/A,Clear,Dry,16.04,553.1,0.27,12.91,4.49,7.88,80,7.88,75.34,1,1,1,
137,4/20/2018,10:33,Little Holland Tract,Breach(LHTR/FLUX),2.5,Ebb,Plankton/LF net,LHTnorth,38.335463,-121.658062,1-5 -- light ripples,South,Clear,Dry,16.35,545.4,0.26,11.32,4.06,8.48,86.4,7.9,75.46,1,1,1,
136.3,4/20/2018,9:40,Wildlands,Breach(LHTR/FLUX),2.9,Ebb,Plankton/LF net,WLDbreach,38.335779,-121.671351,0-1 -- glassy,South,Clear,Dry,15.81,548.7,0.27,14.35,5.05,8.01,80.6,7.94,76.05,3,3,1,
136.2,4/20/2018,9:40,Wildlands,Breach(LHTR/FLUX),2.9,Ebb,Plankton/LF net,WLDbreach,38.335779,-121.671351,0-1 -- glassy,South,Clear,Dry,15.81,548.7,0.27,14.35,5.05,8.01,80.6,7.94,76.05,3,3,1,
136.1,4/20/2018,9:40,Wildlands,Breach(LHTR/FLUX),2.9,Ebb,Plankton/LF net,WLDbreach,38.335779,-121.671351,0-1 -- glassy,South,Clear,Dry,15.81,548.7,0.27,14.35,5.05,8.01,80.6,7.94,76.05,3,3,1,
135.3,4/20/2018,9:05,Little Holland Tract,Breach(LHTR/FLUX),5.3,High slack,Plankton/LF net,LHTnorth,38.335463,-121.658062,0-1 -- glassy,N/A,Clear,Dry,15.792,525.5,0.26,10.75,3.89,7.79,78.7,7.91,75.8,3,3,1,
135.2,4/20/2018,9:05,Little Holland Tract,Breach(LHTR/FLUX),5.3,High slack,Plankton/LF net,LHTnorth,38.335463,-121.658062,0-1 -- glassy,N/A,Clear,Dry,15.792,525.5,0.26,10.75,3.89,7.79,78.7,7.91,75.8,3,3,1,
135.1,4/20/2018,9:05,Little Holland Tract,Breach(LHTR/FLUX),5.3,High slack,Plankton/LF net,LHTnorth,38.335463,-121.658062,0-1 -- glassy,N/A,Clear,Dry,15.792,525.5,0.26,10.75,3.89,7.79,78.7,7.91,75.8,3,3,1,
134,4/20/2018,8:27,Wildlands,Breach(LHTR/FLUX),3.1,High slack,Plankton/LF net,WLDbreach,38.335779,-121.671351,0-1 -- glassy,N/A,Clear,Dry,15.79,549.2,0.27,14.4,5.12,7.93,80.3,7.89,75.75,1,1,1,
133,4/20/2018,8:00,Little Holland Tract,Breach(LHTR/FLUX),3.3,High slack,Plankton/LF net,LHTnorth,38.335463,-121.658062,0-1 -- glassy,N/A,Clear,Dry,15.82,534.6,0.26,11.92,4.36,7.88,79.6,7.87,76.22,1,1,1,
132,4/20/2018,7:31,Wildlands,Breach(LHTR/FLUX),2.9,Flood,Plankton/LF net,WLDbreach,38.335779,-121.671351,0-1 -- glassy,N/A,Clear,Dry,15.698,542.5,0.26,14.27,4.71,7.6,76.8,7.88,75.14,1,1,1,
131,4/20/2018,6:55,Little Holland Tract,Breach(LHTR/FLUX),3.1,Flood,Plankton/LF net,LHTnorth,38.335463,-121.658062,0-1 -- glassy,N/A,Clear,Dry,15.81,551.9,0.27,14.14,4.97,8.03,81.1,7.94,76.41,1,1,1,
130,4/20/2018,6:36,Wildlands,Breach(LHTR/FLUX),2.6,Flood,Plankton/LF net,WLDbreach,38.335779,-121.671351,0-1 -- glassy,N/A,Clear,Dry,15.732,542.6,0.26,15,5.28,7.63,76.9,7.9,75.44,1,1,1,
129,4/20/2018,5:57,Little Holland Tract,Breach(LHTR/FLUX),2.7,Flood,Plankton/LF net,LHTnorth,38.335463,-121.658062,0-1 -- glassy,N/A,Clear,Dry,18.807,560.5,0.27,15.4,5.47,7.94,80.2,8.01,76.16,1,1,1,
128,4/20/2018,5:35,Wildlands,Breach(LHTR/FLUX),2.5,Flood,Plankton/LF net,WLDbreach,38.335779,-121.671351,0-1 -- glassy,N/A,Clear,Dry,15.771,550.9,0.27,16.04,5.44,7.9,79.8,7.85,75.51,1,1,1,
127.3,4/20/2018,4:05,Little Holland Tract,Breach(LHTR/FLUX),2.7,Flood,Plankton/LF net,LHTnorth,38.335463,-121.658062,0-1 -- glassy,N/A,Clear,Dry,15.957,577.6,0.28,19.16,7.74,7.64,77.5,7.98,76.12,3,3,1,
127.2,4/20/2018,4:05,Little Holland Tract,Breach(LHTR/FLUX),2.7,Flood,Plankton/LF net,LHTnorth,38.335463,-121.658062,0-1 -- glassy,N/A,Clear,Dry,15.957,577.6,0.28,19.16,7.74,7.64,77.5,7.98,76.12,3,3,1,
127.1,4/20/2018,4:05,Little Holland Tract,Breach(LHTR/FLUX),2.7,Flood,Plankton/LF net,LHTnorth,38.335463,-121.658062,0-1 -- glassy,N/A,Clear,Dry,15.957,577.6,0.28,19.16,7.74,7.64,77.5,7.98,76.12,3,3,1,
126.3,4/20/2018,2:57,Wildlands,Breach(LHTR/FLUX),1,Ebb,Plankton/LF net,WLDbreach,38.335779,-121.671351,0-1 -- glassy,N/A,Clear,Dry,15.78,560,0.27,15.86,5.07,8.14,82.5,7.93,74.26,3,3,1,
126.2,4/20/2018,2:57,Wildlands,Breach(LHTR/FLUX),1,Ebb,Plankton/LF net,WLDbreach,38.335779,-121.671351,0-1 -- glassy,N/A,Clear,Dry,15.78,560,0.27,15.86,5.07,8.14,82.5,7.93,74.26,3,3,1,
126.1,4/20/2018,2:57,Wildlands,Breach(LHTR/FLUX),1,Ebb,Plankton/LF net,WLDbreach,38.335779,-121.671351,0-1 -- glassy,N/A,Clear,Dry,15.78,560,0.27,15.86,5.07,8.14,82.5,7.93,74.26,3,3,1,
125,4/20/2018,2:39,Little Holland Tract,Breach(LHTR/FLUX),2.7,Ebb,Plankton/LF net,LHTnorth,38.335463,-121.658062,0-1 -- glassy,N/A,Clear,Dry,15.461,550.7,0.28,24.31,8.86,8.04,76.7,7.98,77.82,1,1,1,
124,4/20/2018,2:18,Wildlands,Breach(LHTR/FLUX),2.2,Ebb,Plankton/LF net,WLDbreach,38.335779,-121.671351,0-1 -- glassy,N/A,Clear,Dry,15.887,553.2,0.23,15.73,4.75,8.18,82.6,7.9,74.68,1,1,1,
123,4/20/2018,1:56,Little Holland Tract,Breach(LHTR/FLUX),2.3,Ebb,Plankton/LF net,LHTnorth,38.335463,-121.658062,0-1 -- glassy,N/A,Clear,Dry,16.331,564,0.27,13.54,5.59,7.41,75.6,7.97,78.08,1,1,1,
122,4/20/2018,1:35,Wildlands,Breach(LHTR/FLUX),2.1,Ebb,Plankton/LF net,WLDbreach,38.335779,-121.671351,0-1 -- glassy,N/A,Clear,Dry,15.919,555.2,0.27,14.4,5.505,8.02,81.2,7.9,75.17,1,1,1,
121,4/20/2018,0:48,Little Holland Tract,Breach(LHTR/FLUX),2,Ebb,Plankton/LF net,LHTnorth,38.335463,-121.658062,0-1 -- glassy,N/A,Clear,Dry,15.628,561.5,0.27,11.71,4.55,7.69,76.3,7.96,75.21,1,1,1,
120,4/20/2018,0:16,Wildlands,Breach(LHTR/FLUX),2.4,Ebb,Plankton/LF net,WLDbreach,38.335779,-121.671351,0-1 -- glassy,N/A,Clear,Dry,15.911,546,0.27,12.82,4.93,7.7,78,7.89,75.45,1,1,1,
119.3,4/19/2018,23:10,Little Holland Tract,Breach(LHTR/FLUX),3.3,Ebb,Plankton/LF net,LHTnorth,38.335463,-121.658062,1-5 -- light ripples,Southwest,Clear,Dry,16.006,551.2,0.27,12.87,5.73,8.55,87.4,7.99,74.7,3,3,1,
119.2,4/19/2018,23:10,Little Holland Tract,Breach(LHTR/FLUX),3.3,Ebb,Plankton/LF net,LHTnorth,38.335463,-121.658062,1-5 -- light ripples,Southwest,Clear,Dry,16.006,551.2,0.27,12.87,5.73,8.55,87.4,7.99,74.7,3,3,1,
119.1,4/19/2018,23:10,Little Holland Tract,Breach(LHTR/FLUX),3.3,Ebb,Plankton/LF net,LHTnorth,38.335463,-121.658062,1-5 -- light ripples,Southwest,Clear,Dry,16.006,551.2,0.27,12.87,5.73,8.55,87.4,7.99,74.7,3,3,1,
118.3,4/19/2018,22:19,Wildlands,Breach(LHTR/FLUX),2.5,High slack,Plankton/LF net,WLDbreach,38.335779,-121.671351,1-5 -- light ripples,Southwest,Clear,Dry,16.05,536.8,0.26,13.22,4.98,7.41,75.3,7.85,74.61,3,3,1,
118.2,4/19/2018,22:19,Wildlands,Breach(LHTR/FLUX),2.5,High slack,Plankton/LF net,WLDbreach,38.335779,-121.671351,1-5 -- light ripples,Southwest,Clear,Dry,16.05,536.8,0.26,13.22,4.98,7.41,75.3,7.85,74.61,3,3,1,
118.1,4/19/2018,22:19,Wildlands,Breach(LHTR/FLUX),2.5,High slack,Plankton/LF net,WLDbreach,38.335779,-121.671351,1-5 -- light ripples,Southwest,Clear,Dry,16.05,536.8,0.26,13.22,4.98,7.41,75.3,7.85,74.61,3,3,1,
117,4/19/2018,21:50,Little Holland Tract,Breach(LHTR/FLUX),2.8,High slack,Plankton/LF net,LHTnorth,38.335463,-121.658062,1-5 -- light ripples,Southwest,Clear,Dry,16.22,543,0.26,12.53,6.1,8.33,85,7.95,75.67,1,1,1,
116,4/19/2018,21:19,Wildlands,Breach(LHTR/FLUX),2.6,High slack,Plankton/LF net,WLDbreach,38.335779,-121.671351,1-5 -- light ripples,Southwest,Clear,Dry,16.13,535,0.26,13.55,4.64,7.47,75.9,7.87,74.25,1,1,1,
115,4/19/2018,20:46,Little Holland Tract,Breach(LHTR/FLUX),2.7,Flood,Plankton/LF net,LHTnorth,38.335463,-121.658062,0-1 -- glassy,N/A,Clear,Dry,16.47,553.8,0.27,13.17,6.06,8.94,91.5,7.98,75.27,1,1,1,
114,4/19/2018,20:18,Wildlands,Breach(LHTR/FLUX),2.4,Flood,Plankton/LF net,WLDbreach,38.335779,-121.671351,1-5 -- light ripples,West,Clear,Dry,16.2,538,0.26,13.91,5.04,7.56,76.9,7.88,73.71,1,1,1,
113,4/19/2018,19:49,Little Holland Tract,Breach(LHTR/FLUX),2.9,Flood,Plankton/LF net,LHTnorth,38.335463,-121.658062,1-5 -- light ripples,West,Clear,Dry,16.09,558.9,0.27,14.61,6.52,9.19,94.3,7.97,75.2,1,1,1,
112,4/19/2018,19:13,Wildlands,Breach(LHTR/FLUX),2.3,Flood,Plankton/LF net,WLDbreach,38.335779,-121.671351,0-1 -- glassy,North,Clear,Dry,16.41,545.7,0.27,15.84,4.82,7.88,80.6,7.87,72.67,1,1,1,
111,4/19/2018,18:43,Little Holland Tract,Breach(LHTR/FLUX),1.7,Flood,Plankton/LF net,LHTnorth,38.335463,-121.658062,1-5 -- light ripples,North,Clear,Dry,16.85,563.5,0.27,16.69,6.72,9.64,99.7,8.09,74.51,1,1,1,
110,4/19/2018,18:12,Wildlands,Breach(LHTR/FLUX),2.1,Flood,Plankton/LF net,WLDbreach,38.335779,-121.671351,0-1 -- glassy,N/A,Clear,Dry,16.7,554.3,0.27,16.84,5.18,8.52,87.7,7.95,72.42,1,1,1,
109,4/19/2018,17:45,Little Holland Tract,Breach(LHTR/FLUX),2.1,Flood,Plankton/LF net,LHTnorth,38.335463,-121.658062,1-5 -- light ripples,West,Clear,Dry,18.13,580,0.28,14.93,9.15,10.6,112.7,8.19,76.2,1,1,1,
108,4/19/2018,17:00,Wildlands,Breach(LHTR/FLUX),,Flood,Plankton/LF net,WLDbreach,38.335779,-121.671351,1-5 -- light ripples,North,Clear,Dry,17.28,566.2,0.28,18.06,6.99,9.86,102.7,8.07,72.48,1,1,1,
107.3,4/19/2018,16:14,Little Holland Tract,Breach(LHTR/FLUX),1.1,Flood,Plankton/LF net,LHTnorth,38.335463,-121.658062,1-5 -- light ripples,West,Clear,Dry,18.55,577,0.28,19.94,10.12,10.59,105.9,8.34,72.98,3,3,1,
107.2,4/19/2018,16:14,Little Holland Tract,Breach(LHTR/FLUX),1.1,Flood,Plankton/LF net,LHTnorth,38.335463,-121.658062,1-5 -- light ripples,West,Clear,Dry,18.55,577,0.28,19.94,10.12,10.59,105.9,8.34,72.98,3,3,1,
107.1,4/19/2018,16:14,Little Holland Tract,Breach(LHTR/FLUX),1.1,Flood,Plankton/LF net,LHTnorth,38.335463,-121.658062,1-5 -- light ripples,West,Clear,Dry,18.55,577,0.28,19.94,10.12,10.59,105.9,8.34,72.98,3,3,1,
106.3,4/19/2018,15:08,Wildlands,Breach(LHTR/FLUX),1.7,Flood,Plankton/LF net,WLDbreach,38.335779,-121.671351,1-5 -- light ripples,North,Clear,Dry,16.6,595,0.29,17.17,4.11,8.92,91.7,7.82,70.52,3,3,1,
106.2,4/19/2018,15:08,Wildlands,Breach(LHTR/FLUX),1.7,Flood,Plankton/LF net,WLDbreach,38.335779,-121.671351,1-5 -- light ripples,North,Clear,Dry,16.6,595,0.29,17.17,4.11,8.92,91.7,7.82,70.52,3,3,1,
106.1,4/19/2018,15:08,Wildlands,Breach(LHTR/FLUX),1.7,Flood,Plankton/LF net,WLDbreach,38.335779,-121.671351,1-5 -- light ripples,North,Clear,Dry,16.6,595,0.29,17.17,4.11,8.92,91.7,7.82,70.52,3,3,1,
105,8/8/2017,21:00,Wildlands,Breach(LHTR/FLUX),,Ebb,Plankton/LF net,WLDbreach,38.335779,-121.671351,1-5 -- light ripples,Southwest,Clear,Dry,22.99,222.2,0.1,18.88,2.09,6.74,78.7,7.58,31.11,1,1,1,
104,8/8/2017,20:30,Little Holland Tract,Breach(LHTR/FLUX),2.5,Ebb,Plankton/LF net,LHTnorth,38.335463,-121.658062,1-5 -- light ripples,Southwest,Clear,Dry,23.5,205.3,0.1,20.58,2.14,7.32,86.2,7.74,26.65,1,1,1,
103,8/8/2017,20:00,Wildlands,Breach(LHTR/FLUX),2.8,Flood,Plankton/LF net,WLDbreach,38.335779,-121.671351,1-5 -- light ripples,Southwest,Clear,Dry,23.07,223.8,0.11,18.83,2.04,6.69,78.2,7.56,30.02,1,1,1,
102,8/8/2017,19:22,Little Holland Tract,Breach(LHTR/FLUX),2.2,Flood,Plankton/LF net,LHTnorth,38.335463,-121.658062,1-5 -- light ripples,Southwest,Clear,Dry,23.65,210.5,0.1,22.09,2.08,7.21,85.1,7.8,26.81,1,1,1,
101,8/8/2017,19:06,Wildlands,Breach(LHTR/FLUX),2.7,Flood,Plankton/LF net,WLDbreach,38.335779,-121.671351,1-5 -- light ripples,Southwest,Clear,Dry,23.24,222.8,0.1,19.32,2.09,6.74,78.9,7.53,30.28,1,1,1,
100,8/8/2017,18:30,Little Holland Tract,Breach(LHTR/FLUX),2.2,Flood,Plankton/LF net,LHTnorth,38.335463,-121.658062,1-5 -- light ripples,Southwest,Clear,Dry,23.75,211.4,0.1,23.07,2.17,7.76,85.6,7.91,26.5,1,1,1,
99,8/8/2017,18:00,Wildlands,Breach(LHTR/FLUX),2.5,Flood,Plankton/LF net,WLDbreach,38.335779,-121.671351,1-5 -- light ripples,Southwest,Clear,Dry,23.22,220.6,0.1,21.43,1.98,6.78,79.6,7.76,29.48,1,1,1,
98,8/8/2017,17:24,Little Holland Tract,Breach(LHTR/FLUX),1.6,Flood,Plankton/LF net,LHTnorth,38.335463,-121.658062,1-5 -- light ripples,Southwest,Clear,Dry,23.73,211,0.1,27.28,1.91,7.48,88.4,7.83,25.6,1,1,1,
97,8/8/2017,17:05,Wildlands,Breach(LHTR/FLUX),2.4,Flood,Plankton/LF net,WLDbreach,38.335779,-121.671351,1-5 -- light ripples,Southwest,Clear,Dry,23.78,219.1,0.1,25.61,2.14,6.89,80.8,7.83,27.35,1,1,1,
96,8/8/2017,16:33,Little Holland Tract,Breach(LHTR/FLUX),1.5,Flood,Plankton/LF net,LHTnorth,38.335463,-121.658062,1-5 -- light ripples,Southwest,Clear,Dry,23.79,211,0.1,30.1,2.18,7.51,89.1,7.87,24.36,1,1,1,
95,8/8/2017,16:11,Wildlands,Breach(LHTR/FLUX),2.2,Flood,Plankton/LF net,WLDbreach,38.335779,-121.671351,1-5 -- light ripples,Southwest,Clear,Dry,23.04,217.2,0.1,29.39,1.99,6.98,81.8,7.55,26.53,1,1,1,
94,8/8/2017,15:41,Little Holland Tract,Breach(LHTR/FLUX),1.3,Flood,Plankton/LF net,LHTnorth,38.335463,-121.658062,1-5 -- light ripples,Southwest,Clear,Dry,24.075,208.2,0.1,36.65,1.86,7.93,94.3,7.98,23.04,1,1,1,
93,8/8/2017,15:20,Wildlands,Breach(LHTR/FLUX),2.1,Flood,Plankton/LF net,WLDbreach,38.335779,-121.671351,1-5 -- light ripples,Southwest,Clear,Dry,23.48,216.2,0.1,31.09,1.87,7.7,84.7,7.8,24.8,1,1,1,
92,8/8/2017,14:25,Little Holland Tract,Breach(LHTR/FLUX),2.2,Low slack,Plankton/LF net,LHTnorth,38.335463,-121.658062,1-5 -- light ripples,Southwest,Clear,Dry,24.13,207,0.1,32.73,4.14,7.67,92,8.18,23.07,1,1,1,
91,8/8/2017,13:58,Wildlands,Breach(LHTR/FLUX),1.9,Ebb,Plankton/LF net,WLDbreach,38.335779,-121.671351,1-5 -- light ripples,Southwest,Clear,Dry,22.82,272.2,0.13,23.18,2.19,6.72,77.7,7.55,38.76,1,1,1,
90,8/8/2017,13:22,Little Holland Tract,Breach(LHTR/FLUX),2.2,Ebb,Plankton/LF net,LHTnorth,38.335463,-121.658062,1-5 -- light ripples,Southwest,Clear,Dry,25.07,198.4,0.09,33.14,1.96,10.31,123.2,8.5,22.56,1,1,1,
89,8/8/2017,13:04,Wildlands,Breach(LHTR/FLUX),1.9,Ebb,Plankton/LF net,WLDbreach,38.335779,-121.671351,1-5 -- light ripples,Southwest,Clear,Dry,22.34,264.7,0.13,23.45,2.45,6.76,78.3,7.54,37.32,1,1,1,
88,8/8/2017,12:48,Little Holland Tract,Breach(LHTR/FLUX),1.7,Ebb,Plankton/LF net,LHTnorth,38.335463,-121.658062,1-5 -- light ripples,Southwest,Clear,Dry,24.27,211.9,0.1,36.55,2.1,9.58,114.9,8.63,23.37,1,1,1,
87,8/8/2017,12:13,Wildlands,Breach(LHTR/FLUX),2.1,Ebb,Plankton/LF net,WLDbreach,38.335779,-121.671351,1-5 -- light ripples,Southwest,Clear,Dry,22.17,253.1,0.12,29.24,2.29,6.78,77.8,7.55,35.79,1,1,1,
86,8/8/2017,11:40,Little Holland Tract,Breach(LHTR/FLUX),1.8,Ebb,Plankton/LF net,LHTnorth,38.335463,-121.658062,1-5 -- light ripples,West,Clear,Dry,22.97,191.7,0.09,29.65,1.87,8.56,98.5,8.46,21.46,1,1,1,
85,8/8/2017,11:05,Wildlands,Breach(LHTR/FLUX),2.3,Ebb,Plankton/LF net,WLDbreach,38.335779,-121.671351,1-5 -- light ripples,West,Clear,Dry,21.8,239,0.11,19.05,1.86,6.54,74.8,7.54,33.74,1,1,1,
84,8/8/2017,10:40,Little Holland Tract,Breach(LHTR/FLUX),2.1,Ebb,Plankton/LF net,LHTnorth,38.335463,-121.658062,1-5 -- light ripples,West,Clear,Dry,22.16,194.5,0.09,22.46,1.62,7.95,90.8,7.99,22.49,1,1,1,
83,8/8/2017,10:07,Wildlands,Breach(LHTR/FLUX),2.5,Ebb,Plankton/LF net,WLDbreach,38.335779,-121.671351,1-5 -- light ripples,West,Clear,Dry,21.57,232.6,0.11,19.39,2.12,6.59,75,7.6,32.66,1,1,1,
82,8/8/2017,9:42,Little Holland Tract,Breach(LHTR/FLUX),2.1,Ebb,Plankton/LF net,LHTnorth,38.335463,-121.658062,1-5 -- light ripples,West,Clear,Dry,21.97,201.1,0.09,26,1.89,7.25,83.1,8.02,24.67,1,1,1,
81,8/8/2017,9:02,Wildlands,Breach(LHTR/FLUX),2.6,Ebb,Plankton/LF net,WLDbreach,38.335779,-121.671351,1-5 -- light ripples,West,Clear,Dry,21.59,222.8,0.11,21.35,2.12,6.47,73.5,7.6,32.81,1,1,1,
80,8/8/2017,8:40,Little Holland Tract,Breach(LHTR/FLUX),2.3,Ebb,Plankton/LF net,LHTnorth,38.335463,-121.658062,1-5 -- light ripples,West,Clear,Dry,21.88,206.2,0.1,18.6,1.92,7.1,81.6,7.88,27.66,1,1,1,
79,8/8/2017,8:00,Wildlands,Breach(LHTR/FLUX),2.7,Ebb,Plankton/LF net,WLDbreach,38.335779,-121.671351,1-5 -- light ripples,West,Clear,Dry,21.94,213,0.1,18.88,1.99,6.74,77,7.77,31.03,1,1,1,
78,8/8/2017,7:35,Wildlands,Breach(LHTR/FLUX),2.5,Ebb,Plankton/LF net,WLDbreach,38.335779,-121.671351,1-5 -- light ripples,Southwest,Clear,Dry,22.09,206.4,0.1,19.96,2.1,6.97,79.8,7.75,28.18,1,1,1,
77,8/8/2017,6:54,Wildlands,Breach(LHTR/FLUX),3,High slack,Plankton/LF net,WLDbreach,38.335779,-121.671351,1-5 -- light ripples,Southwest,Clear,Dry,22.17,206.8,0.1,16,1.49,6.98,80.2,7.95,30.57,1,1,1,
76,8/8/2017,6:30,Little Holland Tract,Breach(LHTR/FLUX),2.6,High slack,Plankton/LF net,LHTnorth,38.335463,-121.658062,1-5 -- light ripples,West,Clear,Dry,22.34,207.8,0.1,21.51,1.73,7.07,81.4,7.8,28.73,1,1,1,
75,8/8/2017,6:05,Wildlands,Breach(LHTR/FLUX),2.7,Flood,Plankton/LF net,WLDbreach,38.335779,-121.671351,1-5 -- light ripples,West,Clear,Dry,22.31,205.8,0.1,16.1,2.3,7.01,80.7,7.8,29.57,1,1,1,
74,8/8/2017,5:40,Little Holland Tract,Breach(LHTR/FLUX),2.3,Flood,Plankton/LF net,LHTnorth,38.335463,-121.658062,1-5 -- light ripples,West,Clear,Dry,22.33,205.7,0.1,16.46,1.43,7.11,81.9,7.94,29.49,1,1,1,
73,8/8/2017,5:15,Wildlands,Breach(LHTR/FLUX),2.2,Flood,Plankton/LF net,WLDbreach,38.335779,-121.671351,1-5 -- light ripples,West,Clear,Dry,22.6,207.7,0.1,18.69,1.98,7.21,83.7,7.77,29.21,1,1,1,
72,8/8/2017,4:50,Little Holland Tract,Breach(LHTR/FLUX),1.8,Flood,Plankton/LF net,LHTnorth,38.335463,-121.658062,1-5 -- light ripples,West,Clear,Dry,22.62,206.9,0.1,17.29,1.85,7.22,83.6,7.92,28.72,1,1,1,
71,8/8/2017,4:10,Wildlands,Breach(LHTR/FLUX),2.5,Flood,Plankton/LF net,WLDbreach,38.335779,-121.671351,0-1 -- glassy,N/A,Clear,Dry,22.53,214.5,0.1,18.76,2.1,7.16,83.1,7.97,30.44,1,1,1,
70,8/8/2017,3:36,Little Holland Tract,Breach(LHTR/FLUX),1.8,Flood,Plankton/LF net,LHTnorth,38.335463,-121.658062,5-10 -- small waves,West,Clear,Dry,22.92,208.9,0.1,19.95,2.22,7.46,87.1,7.92,28.56,1,1,1,
69,8/8/2017,2:56,Wildlands,Breach(LHTR/FLUX),2.6,Flood,Plankton/LF net,WLDbreach,38.335779,-121.671351,1-5 -- light ripples,West,Clear,Dry,22.62,213.5,0.1,20.51,1.98,7.21,83.7,7.95,29.5,1,1,1,
68,8/8/2017,2:32,Little Holland Tract,Breach(LHTR/FLUX),2.6,Flood,Plankton/LF net,LHTnorth,38.335463,-121.658062,1-5 -- light ripples,West,Clear,Dry,23.09,208,0.1,23.7,1.86,7.42,86.7,8.03,27.3,1,1,1,
67,8/8/2017,2:04,Wildlands,Breach(LHTR/FLUX),2.4,Flood,Plankton/LF net,WLDbreach,38.335779,-121.671351,1-5 -- light ripples,West,Clear,Dry,22.83,212.2,0.1,23.38,2.39,7.37,85.9,7.98,28.91,1,1,1,
66,8/8/2017,1:42,Little Holland Tract,Breach(LHTR/FLUX),3.1,Flood,Plankton/LF net,LHTnorth,38.335463,-121.658062,1-5 -- light ripples,West,Clear,Dry,23.1,206.4,0.1,25.8,1.84,7.49,87.9,7.98,27.11,1,1,1,
65,8/8/2017,1:10,Wildlands,Breach(LHTR/FLUX),2.2,Flood,Plankton/LF net,WLDbreach,38.335779,-121.671351,1-5 -- light ripples,West,Clear,Dry,23.34,238.3,0.11,25.21,2.16,6.97,80.5,7.98,32.74,1,1,1,
64,8/8/2017,0:48,Little Holland Tract,Breach(LHTR/FLUX),3.4,Low slack,Plankton/LF net,LHTnorth,38.335463,-121.658062,1-5 -- light ripples,West,Clear,Dry,22.87,208.7,0.1,23.89,2.07,7.78,91,8.16,27.91,1,1,1,
63,8/8/2017,0:17,Wildlands,Breach(LHTR/FLUX),2.1,Low slack,Plankton/LF net,WLDbreach,38.335779,-121.671351,5-10 -- small waves,West,Clear,Dry,22.49,240.2,0.11,28.07,2.19,6.8,78.5,7.9,31.91,1,1,1,
62,8/7/2017,23:40,Little Holland Tract,Breach(LHTR/FLUX),2.6,Ebb,Plankton/LF net,LHTnorth,38.335463,-121.658062,5-10 -- small waves,West,Clear,Dry,23.35,203.7,0.1,22.16,2.09,7.68,90.2,8.11,26.85,1,1,1,
61,8/7/2017,22:50,Wildlands,Breach(LHTR/FLUX),2.2,Ebb,Plankton/LF net,WLDbreach,38.335779,-121.671351,5-10 -- small waves,West,Clear,Dry,22.63,227.2,0.11,18.74,2.98,6.88,79.8,7.93,32.18,1,1,1,
60,8/7/2017,22:31,Little Holland Tract,Breach(LHTR/FLUX),2.9,Ebb,Plankton/LF net,LHTnorth,38.335463,-121.658062,5-10 -- small waves,West,Clear,Dry,23.48,207.8,0.1,19.72,2.26,8.05,94.7,8.37,27.71,1,1,1,
59,8/7/2017,22:05,Wildlands,Breach(LHTR/FLUX),2.4,Ebb,Plankton/LF net,WLDbreach,38.335779,-121.671351,5-10 -- small waves,West,Clear,Dry,22.64,224.6,0.11,17.29,2.39,6.92,80.5,7.91,32.27,1,1,1,
58,8/7/2017,21:35,Little Holland Tract,Breach(LHTR/FLUX),2,Ebb,Plankton/LF net,LHTnorth,38.335463,-121.658062,5-10 -- small waves,West,Clear,Dry,23.61,207.6,0.1,18.23,2.07,7.75,91.7,8.04,28.51,1,1,1,
57,8/7/2017,21:00,Wildlands,Breach(LHTR/FLUX),2.5,Ebb,Plankton/LF net,WLDbreach,38.335779,-121.671351,5-10 -- small waves,West,Clear,Dry,22.83,224.2,0.11,17.7,2.09,6.79,79.01,7.89,32.55,1,1,1,
56,8/7/2017,20:39,Little Holland Tract,Breach(LHTR/FLUX),3.2,Ebb,Plankton/LF net,LHTnorth,38.335463,-121.658062,1-5 -- light ripples,West,Clear,Dry,23.22,209.9,0.1,18.5,2.01,7.65,90.5,7.97,28.53,1,1,1,
55,8/7/2017,20:02,Wildlands,Breach(LHTR/FLUX),2.5,Ebb,Plankton/LF net,WLDbreach,38.335779,-121.671351,5-10 -- small waves,West,Clear,Dry,22.99,222,0.1,18.73,1.95,7.09,83.2,7.91,31.77,1,1,1,
54,8/7/2017,19:25,Little Holland Tract,Breach(LHTR/FLUX),5,High slack,Plankton/LF net,LHTnorth,38.335463,-121.658062,5-10 -- small waves,West,Clear,Dry,23.45,208.9,0.1,19.18,2.12,7.33,86.3,7.84,26.94,1,1,1,
53,8/1/2017,15:42,Wildlands,Breach(LHTR/FLUX),,Flood,Plankton/LF net,WLDbreach,38.335779,-121.671351,0-1 -- glassy,N/A,Clear,Dry,24.93,241.1,0.11,17.57,3.65,7.03,84.7,7.74,31.16,1,1,1,
52,8/1/2017,15:20,Little Holland Tract,Breach(LHTR/FLUX),1.8,Flood,Plankton/LF net,LHTnorth,38.335463,-121.658062,0-1 -- glassy,N/A,Clear,Dry,24.77,229.4,0.11,21.79,2.14,7.27,87.11,7.94,27.33,1,1,1,
51,8/1/2017,14:50,Wildlands,Breach(LHTR/FLUX),2.6,Flood,Plankton/LF net,WLDbreach,38.335779,-121.671351,0-1 -- glassy,N/A,Clear,Dry,25.15,239.6,0.11,19.59,2.79,7.14,86.7,7.71,30.42,1,1,1,
50,8/1/2017,14:04,Little Holland Tract,Breach(LHTR/FLUX),1.7,Flood,Plankton/LF net,LHTnorth,38.335463,-121.658062,0-1 -- glassy,N/A,Clear,Dry,24.29,228.8,0.11,21.92,2.46,7.16,85.5,7.84,27.77,1,1,1,
49,8/1/2017,13:43,Wildlands,Breach(LHTR/FLUX),2.5,Flood,Plankton/LF net,WLDbreach,38.335779,-121.671351,0-1 -- glassy,N/A,Clear,Dry,24.15,237.2,0.11,18.22,4.15,6.93,82.7,7.79,28.83,1,1,1,
48,8/1/2017,12:55,Little Holland Tract,Breach(LHTR/FLUX),1.2,Flood,Plankton/LF net,LHTnorth,38.335463,-121.658062,0-1 -- glassy,N/A,Clear,Dry,23.91,228.5,0.11,23.77,2.99,7.12,84.6,7.83,26.81,1,1,1,
47,8/1/2017,12:36,Wildlands,Breach(LHTR/FLUX),2.4,Flood,Plankton/LF net,WLDbreach,38.335779,-121.671351,0-1 -- glassy,N/A,Clear,Dry,23.87,235.5,0.11,23.49,2.59,6.94,83,7.78,29.08,1,1,1,
46,8/1/2017,11:55,Little Holland Tract,Breach(LHTR/FLUX),1.2,Flood,Plankton/LF net,LHTnorth,38.335463,-121.658062,0-1 -- glassy,N/A,Clear,Dry,23.54,226.9,0.11,27.67,2.64,7.1,83.8,7.8,26.18,1,1,1,
45,8/1/2017,11:35,Wildlands,Breach(LHTR/FLUX),2.2,Flood,Plankton/LF net,WLDbreach,38.335779,-121.671351,0-1 -- glassy,N/A,Clear,Dry,23.72,234.6,0.11,23.86,2.49,6.88,81.5,7.85,29.61,1,1,1,
44,8/1/2017,11:00,Little Holland Tract,Breach(LHTR/FLUX),1,Flood,Plankton/LF net,LHTnorth,38.335463,-121.658062,0-1 -- glassy,N/A,Clear,Dry,23.27,222.5,0.1,29.48,2.18,7.24,84.9,7.93,24.99,1,1,1,
43,8/1/2017,10:24,Wildlands,Breach(LHTR/FLUX),2,Flood,Plankton/LF net,WLDbreach,38.335779,-121.671351,0-1 -- glassy,N/A,Clear,Dry,23.17,230.9,0.11,26.05,2.39,6.98,81.7,7.86,27.98,1,1,1,
42,8/1/2017,9:54,Little Holland Tract,Breach(LHTR/FLUX),1.4,Low slack,Plankton/LF net,LHTnorth,38.335463,-121.658062,1-5 -- light ripples,N/A,Clear,Dry,23.89,221,0.1,30.25,2.42,7.58,89,8.13,25.14,1,1,1,
41,8/1/2017,9:32,Wildlands,Breach(LHTR/FLUX),1.8,Low slack,Plankton/LF net,WLDbreach,38.335779,-121.671351,1-5 -- light ripples,Southwest,Clear,Dry,22.2,281.6,0.13,24.12,3.31,6.11,69.8,7.6,38.76,1,1,1,"#NO WLDe and WLDw PHYTO DATA TO GET SLACK SAMPLE AT BOTH SITES.
Drove past acoustic camera @ 0930 to 0936"
40,8/1/2017,8:53,Little Holland Tract,Breach(LHTR/FLUX),1.3,Ebb,Plankton/LF net,LHTnorth,38.335463,-121.658062,1-5 -- light ripples,Southwest,Clear,Dry,22.98,222.2,0.1,31.5,1.91,8.24,95.6,8.37,22.15,1,1,1,
39,8/1/2017,8:35,Wildlands,Breach(LHTR/FLUX),1.9,Ebb,Plankton/LF net,WLDbreach,38.335779,-121.671351,0-1 -- glassy,N/A,Clear,Dry,22.12,278.9,0.13,24.1,3.52,6.13,70.4,7.71,38.95,1,1,1,
38,8/1/2017,8:08,Little Holland Tract,Breach(LHTR/FLUX),1.3,Ebb,Plankton/LF net,LHTnorth,38.335463,-121.658062,1-5 -- light ripples,Southwest,Clear,Dry,22.2,222.5,0.11,31.14,2.44,7.49,86.2,8.19,27.36,1,1,1,
37,8/1/2017,7:46,Wildlands,Breach(LHTR/FLUX),2,Ebb,Plankton/LF net,WLDbreach,38.335779,-121.671351,0-1 -- glassy,N/A,Clear,Dry,22.2,273.9,0.13,19.29,3.12,6.14,70.5,7.51,39.61,1,1,1,
36,8/1/2017,7:11,Little Holland Tract,Breach(LHTR/FLUX),1.5,Ebb,Plankton/LF net,LHTnorth,38.335463,-121.658062,1-5 -- light ripples,Southwest,Clear,Dry,22.27,221.4,0.1,29.07,2.19,7.49,85.7,8.24,25.55,1,1,1,
35,8/1/2017,6:33,Wildlands,Breach(LHTR/FLUX),0.9,Ebb,Plankton/LF net,WLDbreach,38.335779,-121.671351,1-5 -- light ripples,Southwest,Clear,Dry,22.46,267.9,0.13,21.89,3.03,6.33,73.4,7.74,38.32,1,1,1,
34,8/1/2017,6:06,Little Holland Tract,Breach(LHTR/FLUX),1.7,Ebb,Plankton/LF net,LHTnorth,38.335463,-121.658062,1-5 -- light ripples,Southwest,Clear,Dry,22.74,217,0.1,25.42,2.03,7.49,85.7,8.09,26.84,1,1,1,
33,8/1/2017,5:46,Wildlands,Breach(LHTR/FLUX),2.3,Ebb,Plankton/LF net,WLDbreach,38.335779,-121.671351,1-5 -- light ripples,Southwest,Clear,Dry,22.75,261.6,0.12,19.73,3.41,6.48,75.9,7.74,37.99,1,1,1,
32,8/1/2017,4:56,Little Holland Tract,Breach(LHTR/FLUX),2.3,Ebb,Plankton/LF net,LHTnorth,38.335463,-121.658062,1-5 -- light ripples,Southwest,Clear,Dry,23.15,226,0.11,21.66,2.46,7.36,86.2,7.91,27.82,1,1,1,
31,8/1/2017,4:33,Wildlands,Breach(LHTR/FLUX),2.5,Ebb,Plankton/LF net,WLDbreach,38.335779,-121.671351,1-5 -- light ripples,Southwest,Clear,Dry,23.02,252,0.12,21.12,3.55,6.44,75.3,7.73,36.09,1,1,1,
30,8/1/2017,3:45,Little Holland Tract,Breach(LHTR/FLUX),3,Ebb,Plankton/LF net,LHTnorth,38.335463,-121.658062,1-5 -- light ripples,Southwest,Clear,Dry,23.76,227.8,0.11,22.61,2.8,7.32,86.8,7.9,27.71,1,1,1,
29,8/1/2017,3:23,Wildlands,Breach(LHTR/FLUX),2.8,Ebb,Plankton/LF net,WLDbreach,38.335779,-121.671351,1-5 -- light ripples,Southwest,Clear,Dry,23.74,241,0.11,20.88,3.22,6.84,81.2,7.8,33.87,1,1,1,
28,8/1/2017,2:40,Little Holland Tract,Breach(LHTR/FLUX),4.4,Ebb,Plankton/LF net,LHTnorth,38.335463,-121.658062,1-5 -- light ripples,Southwest,Clear,Dry,24.12,228.1,0.11,17.81,2.55,7.42,88.4,7.92,28.35,1,1,1,
27,8/1/2017,2:10,Wildlands,Breach(LHTR/FLUX),3,High slack,Plankton/LF net,WLDbreach,38.335779,-121.671351,1-5 -- light ripples,Southwest,Clear,Dry,24.2,225.3,0.11,15.97,2.55,7.37,88.1,7.95,30.76,1,1,1,
26,8/1/2017,1:49,Little Holland Tract,Breach(LHTR/FLUX),3.2,High slack,Plankton/LF net,LHTnorth,38.335463,-121.658062,1-5 -- light ripples,Southwest,Clear,Dry,24.32,223,0.1,16.19,2.33,7.54,90.6,7.98,28.8,1,1,1,
25,8/1/2017,1:27,Wildlands,Breach(LHTR/FLUX),3,Flood,Plankton/LF net,WLDbreach,38.335779,-121.671351,1-5 -- light ripples,Southwest,Clear,Dry,24.32,222.5,0.1,15.49,2.52,7.55,90.2,7.96,29.59,1,1,1,
24,8/1/2017,0:56,Little Holland Tract,Breach(LHTR/FLUX),3.4,Flood,Plankton/LF net,LHTnorth,38.335463,-121.658062,1-5 -- light ripples,Southwest,Clear,Dry,24.37,220.2,0.1,14.26,2.13,7.61,91,7.94,29.08,1,1,1,
23,8/1/2017,0:33,Wildlands,Breach(LHTR/FLUX),3,Flood,Plankton/LF net,WLDbreach,38.335779,-121.671351,1-5 -- light ripples,Southwest,Clear,Dry,24.61,234.9,0.11,18.34,3.35,7.53,90.5,7.94,30.82,1,1,1,
22,8/1/2017,0:04,Little Holland Tract,Breach(LHTR/FLUX),2.9,Flood,Plankton/LF net,LHTnorth,38.335463,-121.658062,1-5 -- light ripples,Southwest,Clear,Dry,24.74,223.5,0.11,15.36,2.42,7.77,93.7,8.01,27.69,1,1,1,
21,7/31/2017,23:38,Wildlands,Breach(LHTR/FLUX),2.8,Flood,Plankton/LF net,WLDbreach,38.335779,-121.671351,1-5 -- light ripples,Southwest,Clear,Dry,24.36,241.3,0.11,17.53,3.5,7.23,86.7,7.89,32.9,1,1,1,
20,7/31/2017,23:00,Little Holland Tract,Breach(LHTR/FLUX),3.3,Flood,Plankton/LF net,LHTnorth,38.335463,-121.658062,1-5 -- light ripples,Southwest,Clear,Dry,25.01,227,0.11,19.12,2.89,7.89,95.5,8.06,28.01,1,1,1,
19,7/31/2017,22:37,Wildlands,Breach(LHTR/FLUX),,Flood,Plankton/LF net,WLDbreach,38.335779,-121.671351,1-5 -- light ripples,Southwest,Clear,Dry,24.46,242,0.11,19.4,3.91,7.21,86.5,7.85,33.04,1,1,1,
18,7/31/2017,21:30,Little Holland Tract,Breach(LHTR/FLUX),1.2,Flood,Plankton/LF net,LHTnorth,38.335463,-121.658062,1-5 -- light ripples,Southwest,Clear,Dry,25.28,230.3,0.11,21.94,2.95,8.18,99.5,8.15,26.73,1,1,1,
17,7/31/2017,21:00,Wildlands,Breach(LHTR/FLUX),2.5,Flood,Plankton/LF net,WLDbreach,38.335779,-121.671351,1-5 -- light ripples,Southwest,Clear,Dry,25.05,236.3,0.11,22.95,3.3,7.63,92.5,7.88,28.21,1,1,1,
16,7/31/2017,20:30,Little Holland Tract,Breach(LHTR/FLUX),1.2,Flood,Plankton/LF net,LHTnorth,38.335463,-121.658062,1-5 -- light ripples,Southwest,Clear,Dry,25.65,228,0.11,26.73,3.43,8.64,106,8.27,25.58,1,1,1,
15,7/31/2017,20:00,Wildlands,Breach(LHTR/FLUX),2.2,Flood,Plankton/LF net,WLDbreach,38.335779,-121.671351,1-5 -- light ripples,Southwest,Clear,Dry,25.5,236.2,0.11,24.32,3.39,8.13,99.4,8.04,26.65,1,1,1,
14,7/31/2017,19:39,Little Holland Tract,Breach(LHTR/FLUX),2.2,Flood,Plankton/LF net,LHTnorth,38.335463,-121.658062,0-1 -- glassy,Southwest,Clear,Dry,26.16,219.2,0.1,33.29,2.39,9.85,121.5,8.67,23.77,1,1,1,
13,7/31/2017,19:05,Wildlands,Breach(LHTR/FLUX),2,Flood,Plankton/LF net,WLDbreach,38.335779,-121.671351,1-5 -- light ripples,Southwest,Clear,Dry,25.48,260.6,0.12,25.11,3.32,8.05,98.5,7.83,32.66,1,1,1,
12,7/31/2017,18:30,Little Holland Tract,Breach(LHTR/FLUX),1.7,Ebb,Plankton/LF net,LHTnorth,38.335463,-121.658062,1-5 -- light ripples,South,Clear,Dry,27.38,225.8,0.11,35.63,2.57,12.35,156.9,9.17,23.52,1,1,1,
11,7/31/2017,18:05,Wildlands,Breach(LHTR/FLUX),2,Ebb,Plankton/LF net,WLDbreach,38.335779,-121.671351,1-5 -- light ripples,Southwest,Clear,Dry,26.01,269.8,0.13,26.35,3.48,8.03,96.4,7.84,33.05,1,1,1,
10,7/31/2017,17:22,Little Holland Tract,Breach(LHTR/FLUX),1.2,Ebb,Plankton/LF net,LHTnorth,38.335463,-121.658062,0-1 -- glassy,N/A,Clear,Dry,27.28,226.5,0.11,24.12,2.5,11.16,140.8,8.89,24.2,1,1,1,
9,7/31/2017,16:55,Wildlands,Breach(LHTR/FLUX),2.2,Ebb,Plankton/LF net,WLDbreach,38.335779,-121.671351,1-5 -- light ripples,South,Clear,Dry,28.33,250,0.12,18.78,3.64,7.81,100.2,7.95,28.26,1,1,1,
8,7/31/2017,16:36,Little Holland Tract,Breach(LHTR/FLUX),1.5,Ebb,Plankton/LF net,LHTnorth,38.335463,-121.658062,1-5 -- light ripples,South,Clear,Dry,27.25,224.2,0.11,21.51,2.63,10.6,133.3,8.79,24.61,1,1,1,
7,7/31/2017,16:00,Wildlands,Breach(LHTR/FLUX),2.2,Ebb,Plankton/LF net,WLDbreach,38.335779,-121.671351,1-5 -- light ripples,Southwest,Clear,Dry,26.1,246.4,0.12,22.44,4.17,7.76,95.9,7.92,28.75,1,1,1,
6,7/31/2017,15:35,Little Holland Tract,Breach(LHTR/FLUX),1.7,Ebb,Plankton/LF net,LHTnorth,38.335463,-121.658062,1-5 -- light ripples,Southwest,Clear,Dry,26.53,228.5,0.11,21.13,2.8,9.42,117.6,8.51,26.74,1,1,1,
5,7/31/2017,14:58,Wildlands,Breach(LHTR/FLUX),2.5,Ebb,Plankton/LF net,WLDbreach,38.335779,-121.671351,1-5 -- light ripples,Southwest,Clear,Dry,25.66,243.1,0.11,22.77,4.73,7.61,94.7,7.81,30.99,1,1,1,
4,7/31/2017,14:27,Little Holland Tract,Breach(LHTR/FLUX),1.8,Ebb,Plankton/LF net,LHTnorth,38.335463,-121.658062,1-5 -- light ripples,Southwest,Clear,Dry,24.86,231.8,0.11,18.59,2.69,7.82,95.2,8.02,28.04,1,1,1,
3,7/31/2017,14:03,Wildlands,Breach(LHTR/FLUX),2.4,High slack,Plankton/LF net,WLDbreach,38.335779,-121.671351,1-5 -- light ripples,South,Clear,Dry,24.24,242.5,0.11,18.5,4.56,7.16,85.9,7.87,32.5,1,1,1,
2,7/31/2017,13:40,Little Holland Tract,Breach(LHTR/FLUX),2,High slack,Plankton/LF net,LHTnorth,38.335463,-121.658062,1-5 -- light ripples,South,Clear,Dry,24.73,232.1,0.11,21.14,3.05,7.44,89.6,7.98,27.64,1,1,1,
1,7/31/2017,13:12,Wildlands,Breach(LHTR/FLUX),2.6,High slack,Plankton/LF net,WLDbreach,38.335779,-121.671351,1-5 -- light ripples,South,Clear,Dry,24.12,242.8,0.11,18.43,3.2,7.08,84.3,7.94,32.72,1,1,1,
